customer_id,churned,predicted_churn,churn_probability
C07041,0,0,0.23118797499788876
C01731,0,0,0.2183536041683459
C07703,0,0,0.18496302653325708
C00712,0,0,0.20405199265825563
C03891,0,0,0.1963042548376247
C02262,0,0,0.17644652209394374
C03147,0,0,0.20905854557261377
C04479,1,1,0.7145794511769331
C06173,0,1,0.6436429688728614
C00989,1,1,0.6394779698231212
C03841,0,0,0.16933767018373405
C06238,0,1,0.5056062359862248
C02271,0,0,0.11731205510076988
C02795,0,0,0.18398754918985866
C07018,0,0,0.13874338379735995
C06931,0,0,0.17943511569411857
C04687,0,0,0.19629463803015698
C02684,0,0,0.14027396477612838
C03403,0,0,0.18358006096852406
C06178,0,1,0.5242886886775345
C00258,0,0,0.17814951062244463
C02105,0,1,0.6089895832546831
C05106,1,0,0.4097747365202133
C07693,0,0,0.24041675076152547
C06072,0,0,0.24401027552816743
C07374,0,0,0.1853903001097384
C02421,0,0,0.33216882315424623
C04922,1,1,0.5745697869274382
C03251,0,0,0.18052981369853224
C06067,0,1,0.5680304151076454
C06465,1,0,0.19581570059627323
C00855,0,0,0.2289451811568217
C00037,0,0,0.1833585895611191
C02727,0,0,0.19153297168527883
C07722,0,0,0.32261825088996193
C07970,0,0,0.13504689550952273
C03834,0,0,0.2656841565482057
C00273,0,0,0.1961321344652427
C06110,0,0,0.19299446128030318
C06166,0,0,0.24486188656982974
C04610,0,0,0.15332290905373905
C05901,0,0,0.2581439934427433
C02730,0,0,0.20232326034285564
C02121,0,0,0.18164347649550097
C01017,0,0,0.1625381861887062
C03473,0,0,0.21026763164766935
C00247,0,0,0.22601045345567286
C00987,0,0,0.24729646129195
C03986,0,0,0.2570124306641558
C03201,0,0,0.16183155447270628
C06908,0,0,0.19182401325111442
C06360,0,0,0.14604841576372482
C05099,0,0,0.17868214545369052
C01809,0,0,0.21093143742273254
C05452,0,0,0.15312455136263378
C04175,0,1,0.5943351187460171
C05102,1,1,0.6145654544515294
C05238,1,0,0.12004721018554158
C03918,0,0,0.303055609411029
C07908,0,0,0.2829777446863225
C00759,0,0,0.24792911746887472
C05751,0,0,0.22409745437100448
C04024,0,0,0.23062463873755243
C04041,0,0,0.1908968182498308
C06505,0,0,0.27538645121094923
C05233,1,0,0.25875436398861923
C00669,0,0,0.23006513634739786
C05466,0,0,0.14707538469741321
C07983,0,1,0.7727802728332394
C07015,0,0,0.18777563400760744
C03527,0,0,0.24271212526308417
C07299,0,0,0.14882446031278787
C02423,0,0,0.16415929632802698
C07311,0,0,0.26573574365933916
C02410,0,0,0.18271569074871888
C02285,0,0,0.19648082652742857
C03424,0,0,0.19220267916263908
C00941,0,0,0.1197572747342097
C03300,0,0,0.1087772483581405
C02180,0,0,0.14890959820690985
C00170,0,0,0.15227085295521117
C03512,0,0,0.16020853729301318
C01313,0,0,0.1495503429043052
C01416,0,0,0.10824923855683932
C04919,0,0,0.13198138101355492
C07358,0,0,0.3065636391522309
C02039,0,0,0.16664708507992942
C06343,0,1,0.6591242059268361
C00791,0,0,0.19885009092001715
C05553,0,0,0.2506967295165426
C01085,0,0,0.13270863209126837
C05001,0,0,0.11834773370123805
C04547,0,0,0.1790174638251816
C06948,0,0,0.19822551867412955
C00369,0,0,0.43062974566813905
C03237,0,0,0.17398294371671771
C06142,0,0,0.19357575479966332
C01575,1,1,0.5945572880840171
C06539,0,0,0.17366476106825893
C06796,0,0,0.16368609341309082
C05279,0,0,0.2563839087829455
C07586,0,0,0.1638743950245123
C04417,0,0,0.2765275877087746
C02480,0,0,0.1543210226535588
C00889,0,0,0.20774011440723747
C05366,0,0,0.24553132634668806
C02573,0,1,0.7037155131353823
C01463,0,1,0.6746661539328925
C00951,0,0,0.2056257092204018
C05242,0,0,0.20672824584557073
C04030,0,1,0.620321893781009
C07009,0,1,0.6384511244304255
C06844,0,1,0.6572195473666721
C03072,0,1,0.5254988739084915
C03396,0,0,0.24241840247865
C06130,0,0,0.2417474356413264
C06839,0,0,0.16186247152714098
C00535,0,0,0.19860500674511541
C06133,0,0,0.3001179632350719
C07921,0,0,0.2994650697341177
C04490,0,0,0.15854345617952528
C00591,0,0,0.1560571687241077
C00410,0,0,0.19210372351908314
C06426,0,0,0.18877815545549462
C07072,0,0,0.1376939227503611
C05214,0,1,0.5289924195291614
C06534,0,0,0.1395229608483926
C00594,0,0,0.08483680785580677
C02962,0,0,0.18847449335633457
C07918,0,0,0.1257438433398073
C01009,0,0,0.20491985239685367
C03754,0,0,0.1623643573575933
C01052,0,1,0.5952924137046917
C07407,0,0,0.2683071133433885
C03593,0,0,0.17887432082152774
C03497,0,0,0.25672057108673346
C00277,0,0,0.1333367677172171
C07117,0,0,0.19988451793939377
C07396,0,0,0.2567127915139068
C03225,0,0,0.3101904475496046
C07554,0,0,0.1054351831274367
C02847,0,0,0.15136919071838092
C07186,0,0,0.1906691302692668
C03994,0,0,0.14091400025665546
C06012,0,0,0.29420341896310964
C05766,0,0,0.1470705543508261
C00492,1,0,0.14853560185621686
C04124,0,0,0.21527736989294152
C04333,0,0,0.18707168706265273
C03028,0,0,0.18362007436150143
C00616,0,0,0.10913122849365609
C04457,0,0,0.196137033064678
C03837,0,0,0.25320222496390715
C07395,0,0,0.2081812749943141
C04139,0,0,0.250330721093357
C07747,0,0,0.2785457165614997
C02524,0,0,0.1967622924345523
C06557,0,0,0.2792374456393484
C05208,0,0,0.22165711181279502
C03170,0,0,0.1969819718102534
C05790,0,1,0.5831831604608435
C00421,0,0,0.17104995708307222
C01744,0,0,0.1714067880212525
C01344,0,1,0.6438992168805436
C05768,0,0,0.16600627687374417
C06928,0,0,0.1730624484825535
C03317,0,0,0.2206253121500804
C06575,0,0,0.1978060326714671
C01700,0,1,0.6245449852985666
C00246,0,0,0.266486696510326
C04096,0,0,0.1209627672543313
C03609,0,1,0.7216768300306907
C02374,1,1,0.5778496001677075
C04255,1,1,0.7146864883571813
C04117,0,0,0.15314040862949577
C04231,0,1,0.5944559570273263
C05012,1,1,0.6653513331848459
C03511,0,0,0.2830793002236548
C02146,0,0,0.11895866705470616
C06609,0,0,0.27263571237223855
C00107,0,0,0.33956805708086446
C02490,0,1,0.7008993435634978
C05795,0,0,0.09257201647073726
C04460,0,0,0.16323167153991755
C07617,0,0,0.09962906382835524
C02234,0,0,0.20355893602522385
C00747,1,1,0.5154722711172774
C07801,0,1,0.6095510226703775
C01910,0,0,0.27293240828397364
C03784,0,0,0.1831817850212029
C04833,0,0,0.08739935287167211
C02403,1,1,0.7465034646846554
C01822,1,0,0.4220260758356927
C04573,0,0,0.14857055328324245
C06020,0,1,0.7011490494425623
C02734,0,0,0.158736417059645
C03907,0,1,0.6786193700810799
C03330,0,0,0.17222777199476022
C05276,0,0,0.18878031745727927
C00986,0,0,0.24551940332844435
C02028,0,0,0.24091157580145364
C01897,0,0,0.20064988728706612
C04921,0,0,0.09152228838262529
C03727,0,1,0.543680557363397
C04221,0,0,0.20048949754792875
C04208,0,0,0.3290798119523944
C04632,0,1,0.5366993150752918
C04990,0,0,0.21142024049688088
C01992,0,0,0.25287219804195926
C02372,0,1,0.7109174948206366
C07297,0,0,0.24338329796270466
C04634,1,1,0.5555270595617782
C05733,0,0,0.1224895055935237
C04205,0,0,0.2637408787835232
C03976,0,0,0.1254754970615017
C02038,0,0,0.22620806987643818
C03847,0,0,0.21083910662248773
C06907,0,0,0.13480760684840737
C03145,0,0,0.2768898274917598
C06571,0,0,0.16313759571321657
C06193,0,0,0.18368828633299517
C03433,0,0,0.11931070449532988
C00853,1,1,0.6549286587824215
C03490,0,0,0.30453108351087527
C00338,1,0,0.20688720077234385
C02365,0,0,0.23892023682678817
C02938,0,0,0.15515913779325985
C02842,0,0,0.18318779640733202
C02224,0,0,0.2797349502619552
C03357,0,0,0.1840208947578649
C03610,0,0,0.16191421085080296
C00176,0,1,0.5927347608592104
C04500,0,0,0.24498719372198374
C03621,0,0,0.1945996956658614
C01984,0,0,0.1722523290215776
C07548,0,0,0.27880109099258193
C00787,0,0,0.22041094897871313
C04914,0,0,0.28059010227894343
C05781,0,0,0.2088276163016403
C01240,0,0,0.30446083546190217
C07377,0,0,0.16952117459176005
C04409,0,0,0.28324998511447286
C01488,0,0,0.21325918523700632
C04499,0,0,0.27923047737129847
C00711,0,0,0.19417287193277677
C07355,0,0,0.24503006957683177
C04917,0,0,0.1308103582025477
C01171,0,0,0.2608563548226591
C06988,0,0,0.1889342692005634
C00551,0,0,0.18312328581358242
C01865,0,0,0.14960845243281248
C04246,0,0,0.21581460157729687
C05062,0,0,0.14961231625499066
C03369,0,0,0.11171348785758022
C05203,0,1,0.6938597685814137
C00772,0,0,0.19182760436009083
C04533,0,0,0.1882838846157953
C04052,0,0,0.17162191076053065
C02715,0,0,0.1503799987504473
C00839,0,0,0.4740576312495816
C02755,0,0,0.18244067833940192
C00181,0,0,0.34581360507081355
C07175,0,0,0.16146204539722894
C04385,0,0,0.1930831481013001
C00140,0,0,0.33478349348931014
C00849,0,0,0.14790611019006683
C04879,1,0,0.30637541949301056
C02241,0,0,0.17925683768356573
C01760,0,0,0.32467280554840666
C04375,0,0,0.2537932373566892
C00880,0,0,0.22471734003240548
C02528,0,0,0.17778432187518903
C02161,0,0,0.17812506991937782
C05217,0,0,0.1880646526864727
C05104,0,0,0.297281541064004
C00807,0,1,0.6383248824308783
C06519,0,0,0.23318958188193384
C05617,0,0,0.17508241720353102
C05212,0,0,0.15324390320679243
C04105,0,0,0.13950732947086328
C01857,0,0,0.15145521013005714
C07024,0,0,0.12433567271238076
C05973,0,0,0.11759388707489676
C02376,0,0,0.14527525469763422
C01267,0,0,0.26278572534377237
C01453,0,0,0.1522663899002887
C03489,0,0,0.1572171177226462
C07144,0,0,0.20406269839269783
C05520,0,0,0.26231979979374936
C00378,0,0,0.2795085627987538
C07290,0,0,0.2512475032863973
C02562,0,0,0.22896952851884295
C06925,0,0,0.14636132212391972
C00913,0,0,0.09584156945437546
C01932,0,0,0.1553484305683996
C05281,0,0,0.13089569842949525
C05794,0,0,0.11802664721991916
C04926,0,0,0.24013667725298932
C07479,0,0,0.08038966303211156
C05620,0,0,0.14378369560166632
C03431,0,1,0.5332024497668182
C04678,0,0,0.2294341801964203
C03995,0,0,0.15643317607612886
C00264,0,0,0.17654403968532223
C03447,0,1,0.7132534324882628
C03676,0,0,0.21615231256737116
C07400,0,0,0.1389138687170099
C00255,0,0,0.2260835835681351
C02786,0,0,0.2022750599445853
C04556,0,1,0.7040645566094659
C01372,0,0,0.14418821898623635
C03146,0,0,0.1367991045600077
C01531,0,0,0.4876204948176445
C01064,0,0,0.16395403479596452
C05986,1,1,0.5215968823209044
C06463,0,0,0.4251558452136728
C04779,0,0,0.25403140585322576
C07434,0,0,0.26013283160864714
C03259,0,0,0.17693889851156014
C06969,0,0,0.2304705587010384
C05994,0,0,0.13271285667035898
C03802,0,0,0.22011320930206624
C07320,0,1,0.6258639991610165
C05909,0,0,0.21132658714756966
C05468,0,0,0.1312650238012025
C02819,0,0,0.216736804690448
C03874,0,0,0.13462107618466185
C00961,0,0,0.1740544753926465
C06226,0,0,0.16234690622222978
C03928,0,0,0.16742889691524865
C05999,0,0,0.24999586396796522
C01432,0,0,0.26317852485059784
C00216,1,1,0.5017128466714593
C03081,0,0,0.10138185930733475
C05876,0,0,0.3104504783446725
C05734,0,0,0.22697748092196945
C00058,0,0,0.14996964866457102
C01899,0,0,0.16161882478237827
C05579,0,0,0.25083121831273797
C01510,0,0,0.20571653334700166
C02093,0,0,0.107086974861809
C02758,0,0,0.16418196169991253
C04871,0,0,0.21950009546492466
C02033,0,1,0.6314174292851626
C01501,0,0,0.23849738258151945
C07744,0,0,0.2345482436810516
C06770,0,0,0.2182096515801143
C05351,0,0,0.11442591344933906
C02340,1,0,0.17755226182898173
C04431,0,1,0.7264697456205483
C01457,0,0,0.11086123050736502
C02010,0,0,0.24106256283146094
C05294,0,0,0.32366098687188843
C07279,0,0,0.19502222260013682
C05052,0,0,0.2644379012062156
C00367,0,0,0.13379969947538836
C06328,0,0,0.22025039265468305
C01890,0,0,0.17898599071484486
C01597,0,0,0.12988040396378883
C03658,0,0,0.21343682156562332
C06064,0,0,0.12023495212786808
C05460,0,0,0.14038742896474057
C02088,0,0,0.20107360448892272
C02169,0,0,0.23345024116648547
C07989,0,0,0.1401827120139912
C00454,1,0,0.2695682847619202
C02695,0,0,0.3288384184087162
C07777,0,0,0.1313597786810006
C03371,0,0,0.2196803911022382
C01269,0,1,0.5691307025184384
C04357,0,0,0.304052602235483
C06232,1,0,0.2749166253092981
C02629,1,1,0.6846402351382033
C01154,0,0,0.477711010177018
C06293,0,0,0.24869175249865208
C07119,0,0,0.20426942921294017
C06561,0,1,0.6392647562082603
C04977,0,0,0.1515306834976107
C07847,0,0,0.1788124629504338
C05318,0,0,0.22136381228640564
C01811,0,0,0.22390908842751242
C01236,0,0,0.13612233974664423
C01450,0,0,0.24793033563794373
C00580,0,0,0.19853876752407143
C03381,0,0,0.16403989345412
C07301,0,0,0.1626932742479311
C03781,0,0,0.40649464228895565
C05934,1,1,0.5846453331189311
C05776,0,0,0.2111800122981081
C00301,1,1,0.7257207505262527
C00856,0,0,0.23257950165990154
C01831,0,0,0.13085922991475787
C04540,0,0,0.30688639132481726
C03639,0,0,0.1316616449164203
C02299,1,1,0.5524528868752392
C02460,0,0,0.28625739926581834
C02366,0,0,0.16147120962470135
C02282,0,1,0.5426099682117248
C07017,0,0,0.10666681457144353
C01096,0,1,0.6591490683409728
C02595,0,0,0.15124988838834114
C06199,0,0,0.1078072177858752
C03744,1,1,0.6291695138728489
C05937,0,1,0.6112722185006559
C06475,0,0,0.14909089949630125
C02247,0,0,0.1877701472679863
C03248,0,0,0.24287552435137266
C05692,0,0,0.1581754087268693
C07325,0,0,0.1829306829926073
C06943,0,0,0.1983551787570025
C03707,0,0,0.1780887973232387
C01408,0,0,0.17744549278937566
C03370,0,0,0.13921650328410215
C03454,0,0,0.1807717184661065
C06368,0,0,0.2786426843481689
C02736,0,1,0.5887608603697654
C04562,0,0,0.2563902338908815
C05070,0,1,0.5138305276402187
C03558,0,0,0.22557660951617814
C02412,0,0,0.12781905944564062
C06317,0,1,0.5602160743946137
C03679,0,0,0.14047967016405666
C07698,0,0,0.20748427490049115
C06078,0,0,0.28162522944982316
C05054,0,0,0.17190230495192993
C04723,0,0,0.15622242770494668
C01054,0,0,0.38299552701427986
C02018,0,0,0.11896730876237982
C07961,1,0,0.22190114750645518
C02122,0,0,0.17021240330550266
C06547,0,0,0.30177907210122407
C03629,0,0,0.18799499035627198
C07631,0,1,0.7002064885333339
C03128,0,0,0.1529930429560354
C00611,1,0,0.4320619030291368
C04980,0,0,0.14005330007519304
C05110,0,0,0.22058749367507513
C01471,0,0,0.19962714199443074
C00744,0,0,0.2260578302775059
C06025,0,0,0.19139935295069133
C00633,0,0,0.08999437299067996
C00885,1,0,0.47685577612570546
C05583,0,1,0.5789755182386483
C07632,0,0,0.1989892806094751
C06083,1,0,0.17919866008251728
C05928,0,0,0.11143628453490176
C05760,0,0,0.18462467971006755
C05336,0,0,0.2794633466972217
C01019,0,0,0.36160797926801297
C07123,0,0,0.24804172666939658
C07567,0,0,0.10939506669352546
C00620,0,0,0.18158741841950762
C04367,0,0,0.1409131118129599
C04773,1,1,0.6556200965702823
C02022,0,0,0.14674359117203004
C05687,0,0,0.1868415445677719
C03103,0,0,0.22686221893633535
C03177,0,1,0.545829867585425
C02249,0,0,0.19487624035204956
C02184,0,0,0.1922784878947769
C07678,0,0,0.23019414977808786
C02095,0,0,0.15004756398620211
C02972,0,0,0.20307421925135316
C00969,0,0,0.20309002392944492
C02694,0,0,0.08400971595323074
C07952,0,0,0.26933106314647487
C02772,0,0,0.14016108942165367
C02370,0,0,0.11618604360842309
C03223,0,0,0.12554385526096482
C07092,0,0,0.18309810964288345
C03206,0,0,0.1908920325607037
C00228,0,0,0.14023279959439766
C06283,0,0,0.19838731294702605
C05852,0,1,0.6739693067411534
C06686,0,0,0.21412721207424734
C05504,0,0,0.10681943411638602
C03313,1,0,0.15598754242037505
C06671,0,0,0.17092737948911507
C04891,0,0,0.2544697681389205
C01384,0,0,0.15067941148500058
C07739,1,0,0.3246600223119666
C01798,0,0,0.1658592106916821
C01988,0,0,0.16103347128027842
C06613,0,0,0.21411345445186641
C06108,0,0,0.2230997511568321
C06000,0,0,0.1519838567234534
C01051,0,0,0.18778845558327775
C02278,0,0,0.2614006600854627
C02636,0,0,0.19164202440039496
C06125,0,0,0.19524796586096013
C01057,0,0,0.14522701143570876
C04710,0,1,0.6622391112567979
C07851,0,0,0.23836688437222006
C02225,1,0,0.29782000939726866
C04806,0,0,0.18873580624360706
C07090,1,1,0.5562236669382037
C02354,0,0,0.19815086869083975
C06633,0,1,0.5417354442188826
C04051,0,0,0.2431607998831095
C08000,0,0,0.22286922056477246
C01940,0,0,0.25414865216311666
C03523,0,0,0.23493765895877536
C01631,1,1,0.656938046221026
C01409,0,0,0.2655867831121771
C01545,1,0,0.15066267667500194
C03149,1,0,0.4194168838047221
C00667,0,0,0.08208371055265914
C01495,0,0,0.1884047336510049
C00834,1,0,0.1487886566884341
C03674,0,0,0.17410641414907696
C03461,0,0,0.3174064768065192
C01713,0,1,0.6028132629284583
C04592,0,0,0.14917389706191164
C04890,0,0,0.16443344189764428
C02577,1,0,0.12141730626155824
C05464,0,1,0.5400475143378125
C07228,0,0,0.2691958459952193
C07971,0,0,0.14719800672300803
C02995,0,0,0.18314200666636216
C02961,1,1,0.519301602968166
C06050,0,0,0.1341672254239022
C07535,0,1,0.5691855877715545
C03375,0,0,0.23571602240774114
C00223,0,0,0.23903566153966307
C01782,0,0,0.2570796144040382
C05418,0,0,0.224389873717656
C04272,1,0,0.16531054441978807
C07364,0,0,0.14774806644767402
C03902,0,0,0.20009470608041044
C04622,0,1,0.6220538227365592
C01647,0,0,0.19714887043254184
C01221,1,0,0.17410547514146826
C02993,0,0,0.29513677218405027
C02932,0,0,0.22578427726537817
C05642,0,0,0.10814177520269955
C05456,0,0,0.13114270436035608
C00427,0,0,0.1284047992541936
C05770,0,1,0.6767691956314378
C05400,0,0,0.1507634532988587
C03550,0,0,0.1755049943179683
C05293,0,0,0.13827483191566514
C02623,0,0,0.2586930724554462
C00152,0,0,0.24845228238087355
C06033,0,0,0.22599288706847342
C07931,0,1,0.6109814042051988
C03361,0,0,0.26810806396687564
C04535,0,0,0.13557415683089344
C03175,0,0,0.16993817760182506
C00148,0,0,0.32832311279438015
C06642,0,0,0.17641120898603513
C03217,0,0,0.20289205283235417
C04331,1,0,0.34400927879324256
C05176,0,0,0.24741757962618952
C02864,0,1,0.587461671634163
C04513,0,0,0.2716072441439048
C01196,0,1,0.5900857248935845
C06567,0,1,0.6671448498616076
C03192,1,0,0.14329761906733043
C01273,0,1,0.5231218927493685
C05814,0,0,0.06826452596227604
C02683,0,0,0.21743516258204904
C06049,0,1,0.5571439974552463
C01289,0,0,0.1742060894369607
C02486,0,0,0.137838607070104
C01264,0,0,0.15905808983190986
C05812,0,0,0.3000390464382985
C03293,0,0,0.19683283187873854
C06949,0,0,0.1738043036702483
C03556,0,0,0.22163684449374532
C03220,0,0,0.2924484292995516
C06783,0,0,0.19253967425916058
C06913,0,0,0.2548291639003089
C01040,0,0,0.267460513244467
C03036,0,0,0.16792682558093974
C01559,0,1,0.6839912249502493
C03504,0,0,0.18191678068643902
C04344,0,0,0.2666879984858847
C04072,0,0,0.2611069394180679
C05748,1,1,0.7235219325926842
C00516,1,0,0.16547974043745817
C03673,0,0,0.19265503459087657
C05667,1,0,0.23007466607705765
C05541,0,0,0.14205665251898184
C06126,0,0,0.18121990919220232
C01275,0,1,0.665355849907425
C04896,0,1,0.5749764331417967
C00564,0,0,0.2580942247998897
C05681,0,0,0.29310205615800594
C03592,0,0,0.17160499212313315
C02193,0,0,0.16365398497390338
C06837,0,0,0.12328584484920924
C03269,0,0,0.21206224561530138
C04775,0,0,0.49725104184681146
C02415,0,0,0.24884993926413002
C04226,1,0,0.1894587910383837
C03077,0,0,0.09936651498042472
C01387,0,0,0.1559751941701799
C05802,0,0,0.1759433837875107
C06577,0,0,0.18833218093867474
C03577,0,0,0.243678014269252
C07250,0,0,0.16488002792387754
C07928,0,0,0.1875231427347576
C05403,1,0,0.16491537370176826
C05434,0,0,0.1629779804436278
C02976,0,0,0.4934879538137927
C06803,0,0,0.2598500762883935
C04953,0,0,0.10911389869775846
C01198,1,1,0.6222891586566325
C04844,0,0,0.22775733314752517
C04843,0,0,0.1437816331545772
C02672,0,0,0.12744976635232944
C06362,0,0,0.17246420438069057
C01382,0,0,0.18853152430143086
C04742,0,0,0.23586445905000444
C05971,1,0,0.11671932116848276
C04736,0,0,0.17150511488282383
C06625,0,0,0.23409765184169617
C04234,1,0,0.47969286326201055
C06774,0,0,0.1984954687160184
C05320,0,0,0.16762653759424712
C02746,1,1,0.608858731543714
C04084,0,0,0.1745441835653818
C07151,0,0,0.11604317709939833
C03700,0,0,0.16896540989580905
C01356,1,0,0.14492991939991373
C05859,0,0,0.24957907153281847
C00286,0,0,0.11102621219427937
C01833,0,0,0.18811509810421312
C06503,0,0,0.23187314365523967
C03923,0,0,0.29266431883378047
C01380,0,0,0.21609057181541383
C01515,0,0,0.10965566933424466
C00390,0,0,0.24662221864221262
C05710,1,1,0.6364207182115691
C05522,0,0,0.25897642080955746
C04671,0,0,0.1471595019881088
C02170,0,0,0.19005336989399474
C06016,1,0,0.14842475818203335
C01698,0,0,0.2308613583539482
C03776,0,1,0.5090544012444197
C06146,0,0,0.28903249141842036
C05311,0,0,0.18843522609170013
C05657,0,1,0.6123634428207044
C06068,0,0,0.22390548912927224
C05673,0,0,0.17830433946690433
C00639,0,0,0.1610566600526584
C03944,0,0,0.2230081860912687
C04421,0,1,0.7007889216592632
C05589,0,1,0.6228343746912107
C05194,0,0,0.18009337035418443
C06906,0,0,0.10878694269932274
C02349,0,0,0.19781216467967536
C07005,0,0,0.2141659652963123
C02968,0,0,0.21250333981892028
C02557,0,0,0.2752274204940964
C00629,1,1,0.6742264757451014
C03198,0,0,0.21094690091827528
C07410,0,0,0.15318748165968607
C04981,0,1,0.5526498361721213
C06771,1,1,0.638541550862254
C07263,0,0,0.236022069653005
C00139,0,0,0.25814844962151945
C04584,0,0,0.13881791210155156
C01238,0,0,0.12476617294977248
C07287,0,0,0.2633413721383292
C00397,0,0,0.21285250450924206
C02512,0,0,0.14233229532370129
C03724,0,0,0.24013894435910682
C05444,1,0,0.14315051735584305
C02849,0,1,0.6972619352902673
C02288,0,1,0.6554771764922844
C06562,0,0,0.17825050556466074
C01974,0,0,0.18045736937432846
C03630,0,0,0.1606800595045215
C01674,0,0,0.34729624019450767
C02226,0,0,0.24957362990932042
C07883,0,0,0.24213078020297282
C07128,0,0,0.17828162493071997
C05165,1,0,0.20899660355792385
C06976,0,1,0.6999432099154725
C00942,0,0,0.29587912083914614
C06062,0,0,0.2408697846378737
C06289,0,0,0.2863203195461292
C04520,1,1,0.6597817612401087
C03751,0,0,0.14974652391852744
C07270,0,0,0.19753208727100202
C00816,0,0,0.15808802241316705
C07630,0,0,0.35954538643452394
C00911,0,0,0.2431453092987446
C03854,0,0,0.26536348431137813
C06880,0,0,0.15541021072544678
C06758,1,1,0.6264903405334665
C04778,0,0,0.31428854959590924
C03275,0,0,0.17333552157561607
C06921,0,0,0.30496568058314383
C07802,0,0,0.3024440094673202
C03704,0,0,0.1571520839411369
C06298,0,1,0.6753207888365972
C06959,0,0,0.16069770595270372
C02001,0,0,0.15377084677162073
C01734,0,0,0.09745522575611033
C04266,1,1,0.708917450508649
C07064,0,0,0.21438254277150864
C05177,0,0,0.16220948619967324
C01443,0,0,0.15856788630984134
C07094,0,1,0.5233431982025003
C05671,0,0,0.20508396891491487
C00732,0,0,0.19137203637780634
C00684,0,0,0.19534788808510248
C01802,0,1,0.5952769234479165
C03949,0,0,0.20755387704358527
C04870,0,0,0.15896414325965472
C07264,0,0,0.2770205212763618
C03587,0,0,0.1660848988921365
C07182,0,0,0.1844239428415753
C00224,0,0,0.17025923295350023
C03054,0,0,0.29857248383307367
C07403,0,0,0.1480023726085667
C04434,0,0,0.1829991928414785
C00692,1,1,0.7266778097377579
C07149,1,1,0.642583265896333
C01070,0,0,0.1568056400070782
C06634,0,0,0.2747971950321151
C05007,0,0,0.26963584266570817
C03017,0,0,0.27000928622352494
C03374,0,0,0.20350202099998052
C06159,0,0,0.27529594874612356
C06356,0,1,0.6167543565792395
C02991,0,0,0.296055441673262
C05395,0,0,0.18441398607832896
C03666,0,0,0.20466196756580493
C06481,0,0,0.15712576026233893
C04450,0,0,0.17366654919089286
C04616,0,0,0.18350115004537113
C01635,0,0,0.25640163768839636
C06719,0,1,0.65089294799158
C04123,0,1,0.5640239933180595
C01998,0,0,0.13761795084753367
C03314,1,0,0.32931591472659166
C05414,0,0,0.25354274853482406
C02566,0,1,0.6771952113696631
C01305,0,0,0.13205099931268854
C04159,0,0,0.20958887903107248
C05079,0,0,0.32307562707096
C00177,0,0,0.2175188123575273
C04539,0,0,0.1563713769283356
C00006,0,0,0.13260192244517105
C00424,0,1,0.5439127583872873
C02808,0,0,0.17617126433873537
C05163,0,0,0.25836720742754715
C01093,0,1,0.641982191762023
C04708,0,0,0.25535169556582765
C06691,0,0,0.19738910721951522
C02520,1,1,0.6701365743449205
C04568,0,0,0.14453839032287105
C05741,0,0,0.18918893350006055
C07905,0,0,0.12208819314760129
C03045,0,1,0.7368717902264075
C06291,0,0,0.18016737819503578
C03813,0,0,0.1310666439896917
C07445,0,0,0.235132692480704
C03581,0,0,0.14853287382739766
C00441,0,0,0.2986811914552596
C02023,1,0,0.18089137445310602
C05835,0,0,0.15764420547299585
C05823,0,0,0.16649718345091377
C07584,0,0,0.18977198190516442
C02315,0,0,0.13419104643633709
C01253,1,0,0.33608553859054363
C07464,0,0,0.24689882310202332
C05075,0,0,0.1932392017792205
C06864,0,0,0.18926634388702182
C00934,0,0,0.14505369332750434
C00010,0,0,0.1284520323654966
C03141,1,0,0.18760090065437446
C02042,0,0,0.2419985258202152
C01543,0,1,0.5213850886674951
C02959,0,0,0.18093719801713484
C07265,0,0,0.32596430455189684
C05839,0,0,0.1900777376614121
C03654,0,0,0.1861731979874282
C03811,0,0,0.19851165431061202
C06735,0,0,0.32092228376919646
C02256,0,0,0.22928002647898368
C05039,0,0,0.14208229114084062
C02522,0,0,0.09971932219826955
C00085,0,0,0.14070777968396658
C03940,0,0,0.20497113938073871
C03005,0,0,0.12804268063091592
C02266,0,0,0.27930661148440783
C05826,0,0,0.2810645679152975
C07221,0,0,0.1943894940795888
C07049,0,0,0.4924213813427542
C02037,0,0,0.10876583532524439
C05675,0,0,0.12327287859180895
C02674,0,0,0.19072984918231925
C03039,0,0,0.2346063326399429
C06367,0,0,0.16519422130943798
C05637,0,0,0.11704558133176135
C06580,0,0,0.23995681936996602
C06192,0,0,0.38692666623357574
C07974,0,0,0.2007959003836901
C04612,0,0,0.23210034797964207
C01118,0,0,0.17203020673428585
C06095,0,0,0.1958177720377841
C06996,0,0,0.2816689102941122
C07348,0,0,0.13231800338832622
C04107,0,0,0.1080239500116667
C00630,1,0,0.21626421597244952
C03063,0,1,0.6375645677321983
C05192,0,0,0.1635211296573882
C03604,0,0,0.1678094578283158
C03452,0,0,0.13980704191239426
C00510,0,0,0.26042075652836927
C07765,0,0,0.2739308620130064
C03337,0,0,0.21790450870156947
C05207,0,1,0.5828854675742423
C01689,0,0,0.22899553618733667
C01649,0,0,0.21294950134778323
C01638,0,0,0.22479763421888893
C06992,0,0,0.12444642531285607
C00307,0,0,0.16835507887242476
C02074,0,0,0.2031480076611337
C01838,0,0,0.16000014775128404
C04303,0,0,0.2625380195775518
C03047,0,0,0.14649559935216772
C04605,0,0,0.18303077736541484
C03257,0,0,0.19818286033168803
C01080,0,0,0.15534497070107992
C03354,0,0,0.18066425364105307
C00579,0,0,0.23054321609664413
C05559,0,0,0.19567565679911164
C06302,0,0,0.2528497084352248
C04510,0,0,0.2249010751638629
C02009,0,0,0.2315268948161477
C05624,0,0,0.23187665819126344
C07450,0,0,0.170183489103948
C06322,0,0,0.10567402715821633
C06320,0,0,0.22727111905863862
C02900,0,0,0.1981468051130435
C03698,0,0,0.1979053681201687
C05729,1,0,0.34050725706462553
C05017,0,0,0.24651241420771364
C00004,0,0,0.09899130548364943
C03035,0,0,0.16055173279640117
C07057,0,0,0.21526102034236455
C03416,0,0,0.1866390112458955
C05105,0,0,0.17959902525866794
C06449,0,0,0.2364851092064833
C03809,0,0,0.1840451254909736
C06441,0,1,0.6106376649503836
C04575,0,0,0.3164974427342944
C03824,0,0,0.10759569755308054
C00514,0,0,0.12125429904591781
C00498,0,0,0.19550490516167196
C04378,0,0,0.21592320590179537
C03425,0,0,0.11922871091756544
C07344,0,0,0.24585760407555146
C03451,1,0,0.25315842306124575
C02215,0,0,0.34980641635410004
C06647,0,0,0.19994831079307054
C01843,0,0,0.18385658890996012
C06431,1,0,0.18962399349175835
C06421,1,0,0.13193239166896978
C06934,0,0,0.1834705041350792
C02382,0,0,0.17644079726141704
C06448,0,0,0.17704498779645275
C02869,0,0,0.2606344543779121
C02427,0,0,0.17368446963365525
C07307,0,0,0.22123512349050686
C02689,0,0,0.16890199694158123
C04757,0,0,0.3637232112999389
C04651,0,0,0.18499080512559865
C01849,0,0,0.12279903961343412
C07458,0,0,0.1353084179081746
C00994,0,0,0.2375299049928057
C05619,0,0,0.20842623923564435
C07419,0,0,0.32557139795791246
C04630,0,0,0.3013867942490396
C05376,0,0,0.14853623833289906
C01119,0,0,0.21885490389759996
C06664,0,0,0.17367139720609726
C07226,0,0,0.47584513210099016
C07713,0,0,0.21765987618410143
C06353,0,0,0.20211839170763543
C00161,0,0,0.20248292540864257
C05430,0,0,0.13251400045971032
C07314,0,0,0.1945422401148435
C03705,0,0,0.22264909315334097
C00850,0,0,0.2844713304849911
C03541,0,0,0.24448093165195056
C02261,0,0,0.19613119721304192
C07682,0,1,0.5618811518981799
C06327,0,0,0.1925767909760722
C05730,0,1,0.6542679812871421
C07625,0,0,0.19357948472809153
C02151,0,0,0.23458111516044994
C02787,0,0,0.1979913165724882
C07035,0,1,0.7205385205367106
C05332,0,0,0.13654426197546
C01172,0,0,0.17555087786577053
C05918,0,0,0.19172911521755368
C05864,1,0,0.2270292816244196
C04453,0,0,0.12463007168622393
C04408,1,0,0.2758073414295748
C07169,0,0,0.18093977280506618
C02600,0,0,0.35627901108860577
C04699,0,0,0.2606568445271525
C01508,0,0,0.20231194584931095
C05813,0,0,0.14303475323847994
C04322,0,1,0.6092611738694795
C03633,0,0,0.12144884654798406
C00619,0,0,0.06733304277421924
C07158,0,0,0.22765940654169997
C03852,0,0,0.10240044941668423
C06850,0,0,0.18206490772882128
C01260,0,0,0.15602908428391496
C06380,0,0,0.19347272299543145
C05268,1,1,0.632389972188895
C07731,0,0,0.1655364357659802
C05373,0,0,0.13493900674485723
C05193,0,0,0.4198388815278243
C05031,0,1,0.5501714937109768
C06637,0,0,0.14001663687926405
C02189,0,0,0.3366819015946468
C04609,1,0,0.21537416556248964
C00432,0,0,0.2475910755531362
C07753,0,0,0.47839381989588936
C01177,0,0,0.13841137482311688
C07188,0,0,0.2043475791849026
C07545,0,0,0.1264414022973076
C07897,0,0,0.15059129496930246
C04483,0,0,0.13844387308692005
C02865,0,0,0.18759379409556312
C06501,0,1,0.5865143566624429
C00539,0,0,0.26510537863974143
C02239,0,0,0.22513909376078955
C05546,0,0,0.21016309851985174
C00145,0,0,0.2333024591514678
C01859,0,1,0.6353292627343459
C07901,0,0,0.1869345848408198
C07174,0,0,0.16788321165373601
C02273,1,1,0.60668508569571
C01280,0,0,0.22547514282657025
C05711,0,0,0.13481226323039144
C05820,0,0,0.20928420070591708
C05347,0,0,0.14074994943382832
C07028,0,0,0.15393862171469522
C02971,0,0,0.1949393018384759
C00005,0,0,0.1803470086365284
C07785,0,0,0.14599396107602647
C07772,0,0,0.2095759774570646
C00664,0,0,0.3194138005256862
C02327,0,0,0.20370683724961733
C03771,0,0,0.24470991751218785
C01400,0,0,0.13633372144951286
C03150,0,0,0.3490183181086829
C03358,0,0,0.22906194487687376
C02788,0,0,0.28314520277170396
C01686,0,0,0.20656569318376133
C03947,0,0,0.2645181502593979
C05131,0,0,0.22953021165249124
C07135,0,0,0.2556701476574301
C03607,0,0,0.24465374604218654
C04554,0,0,0.21238122145943988
C03136,0,0,0.09411196774587868
C05353,0,0,0.17720239960149387
C03351,0,1,0.6886687264806023
C02135,0,0,0.266531187240002
C03472,0,0,0.22833649116759022
C04754,0,0,0.1638727210453577
C04188,0,0,0.1482670634722027
C03661,0,1,0.6099104630661241
C05020,0,0,0.15425560719837655
C04131,0,0,0.18945982238804002
C00248,0,0,0.2674907688094895
C03574,1,0,0.2544518918512361
C00891,1,1,0.5874073174662316
C01090,0,0,0.20353844253148107
C01850,0,0,0.19613876250472093
C01512,1,0,0.4790172286817534
C07181,0,0,0.2450887937514033
C03927,0,0,0.2890251423043133
C04109,0,0,0.19521628020496215
C01258,0,0,0.23060257706941448
C06594,0,0,0.19853167969852908
C04945,1,1,0.6822801289847548
C02050,0,0,0.2124971138036566
C02333,0,0,0.19642001092419795
C05411,0,0,0.27508891969065646
C07353,0,0,0.1450317802861703
C01049,0,0,0.12286761213312253
C01911,0,0,0.4306657766618812
C02951,0,0,0.20002094064745
C02026,0,0,0.1597803794040119
C04942,0,1,0.5464396838286409
C03942,0,0,0.2097999700280524
C06802,0,0,0.3224709479620988
C05053,0,0,0.12225364342844323
C02399,0,0,0.12591462808535542
C00735,0,0,0.1463335063639854
C01852,0,0,0.15506802223127647
C03793,0,0,0.2706799458720214
C02916,0,0,0.2581290720126212
C05247,0,0,0.3463941666120943
C03716,0,0,0.1658039223555382
C04961,0,0,0.19845492193203862
C05952,0,0,0.25121310728979157
C05517,0,0,0.24142320756610117
C05944,0,0,0.3232492498777618
C07368,0,0,0.1533277500799966
C07643,0,0,0.19121114901535544
C00521,0,0,0.2469025312885695
C02290,1,0,0.18508870206101152
C06255,0,0,0.13376566442201143
C03360,0,0,0.25157099122593274
C07657,0,0,0.17371864455692504
C06290,0,0,0.21205511609798341
C03685,0,0,0.12376370114834856
C00126,0,0,0.1947350414524785
C05816,0,0,0.1835083182740703
C06447,0,0,0.35356291059324446
C06893,1,0,0.14313457948214123
C01671,1,0,0.28317010953473426
C04393,0,0,0.18191015874706123
C06185,0,0,0.27111783999811795
C03544,0,0,0.2548028368283448
C02967,0,0,0.2137531976381234
C03429,0,0,0.16140176551721078
C00562,0,1,0.5663453611906564
C05896,0,0,0.27990219066612493
C07578,1,1,0.5323973569918332
C06123,0,0,0.23234486245317043
C06960,0,0,0.16369852596739923
C01936,0,0,0.18954017393568462
C00703,0,0,0.23023377931077504
C00072,0,0,0.08118417355900771
C02363,0,0,0.26303931450287554
C00070,0,0,0.1673221435186083
C01189,0,0,0.11283277555814909
C03253,0,0,0.23367251769388547
C05080,0,0,0.18225353498561464
C01766,0,0,0.21934569414656507
C04830,0,0,0.2161415234980495
C07925,0,0,0.21681572276957947
C07604,0,0,0.13277403408916014
C06457,0,0,0.13753860887135264
C07246,0,0,0.1366934849118232
C05714,1,0,0.45839915812812776
C07964,0,0,0.20437351259180425
C04365,0,0,0.1823095794989747
C02260,0,0,0.2917767900169852
C03598,0,1,0.6500078336967857
C02622,0,0,0.1187265814694946
C02556,0,1,0.6221177040762723
C02409,1,1,0.6812429171972372
C04543,0,0,0.20537740341218516
C05459,0,0,0.15158351061838846
C04874,0,0,0.09904990462529638
C00279,0,0,0.10503850176634409
C00547,0,0,0.2113239693743908
C06244,1,1,0.5764425958235918
C01023,0,0,0.13687209289310132
C02889,0,0,0.35977028172191583
C04262,0,0,0.16748827698555985
C02442,0,0,0.458032078574422
C04243,1,0,0.21157791377832158
C04797,0,0,0.11151097500518399
C01340,0,0,0.14788779075652447
C04181,0,0,0.18553189238578746
C04602,0,0,0.1361795864572384
C04527,0,1,0.5934270818877753
C05868,0,0,0.24856529298175828
C04641,0,0,0.2269974918902112
C07132,0,0,0.14885877933042657
C00553,0,0,0.17631921392478336
C05246,0,0,0.12928463894238945
C04376,1,1,0.7275453537188026
C03785,0,0,0.17752579565989077
C01195,0,0,0.17671350318988313
C04707,0,1,0.5486251053754936
C01043,0,0,0.272963184430353
C06582,0,0,0.11391229106659223
C05979,0,1,0.5479524507050582
C00803,0,0,0.2516831060621375
C07558,0,0,0.1647169757184606
C05698,0,0,0.1272681800137465
C04686,0,1,0.7103588090293368
C06312,0,0,0.19230225069204748
C05574,0,1,0.551823486184384
C03767,0,1,0.7112602666438949
C06422,0,0,0.1748369807265496
C05960,0,0,0.26469254752423177
C04216,0,0,0.2384842593085489
C01329,0,0,0.19106270084656607
C06936,0,0,0.275304767718351
C05409,0,0,0.1352677918936397
C07205,0,0,0.15506819050631176
C04471,0,0,0.26053743678066743
C06579,0,0,0.20056121447482797
C07026,0,0,0.15016049564775324
C06982,0,0,0.2132563739064886
C07225,0,0,0.24145342956386603
C03877,0,0,0.15389630214528
C04964,0,0,0.1835941874681415
C00208,0,0,0.11192510168891977
C06568,0,0,0.189653542442391
C07917,0,0,0.22980192164037155
C06247,0,0,0.1782878809054243
C02467,0,0,0.10481041406461575
C06461,0,0,0.24553215400012812
C02248,0,0,0.21707684429000182
C05916,0,0,0.17752480238525556
C00331,0,0,0.10360046084923602
C01632,0,0,0.16581098684158427
C01732,0,0,0.11938793336936498
C02948,0,0,0.17298311431394175
C03156,0,0,0.2427701961231466
C00578,0,1,0.5998491086641778
C02176,0,0,0.2120537527385959
C06587,0,0,0.11869201210235047
C07490,0,0,0.27384740277437575
C06359,0,0,0.2885051205981868
C05263,1,1,0.5353276639923141
C03566,1,1,0.6272339463221228
C04212,1,0,0.17687260343605166
C00265,0,1,0.5692657870675354
C01882,0,0,0.21799642574589329
C05337,0,0,0.3737083596432192
C03414,0,1,0.6229263380089346
C03078,1,0,0.44893302300291743
C07063,0,0,0.21082644538307194
C01794,0,0,0.22189807755087637
C05530,0,0,0.20557263265512854
C03241,0,0,0.2600167938065617
C04598,1,0,0.28425629246228284
C07461,0,0,0.2662781213768136
C01114,0,0,0.25816160637952545
C03004,0,0,0.13698539602374474
C06813,0,0,0.15768805077300213
C06458,0,0,0.1577347605209287
C01796,0,0,0.26129192940361684
C04415,0,0,0.1535077944377316
C02931,0,1,0.6868920408814646
C06910,0,0,0.24009865251247683
C03570,1,0,0.18355234087695668
C05640,0,0,0.18868785679148736
C01767,0,0,0.18701083704556806
C01048,0,0,0.12720091354536253
C00330,0,0,0.20938707594028036
C05461,0,0,0.157352778195018
C05512,0,0,0.21927079436257385
C07926,0,0,0.19562572529649055
C01729,0,1,0.6216311194670611
C02487,0,0,0.09260776024011316
C07443,1,1,0.6096110009344478
C04658,0,0,0.21802669234787334
C04529,0,0,0.16838406176959392
C04576,0,0,0.22465080403634208
C02581,0,0,0.1761940365026854
C01768,0,0,0.2378389470707383
C01326,0,1,0.592651852572726
C03112,0,1,0.5874858464417019
C02238,0,0,0.28610968513234997
C07261,0,0,0.1194871513267083
C05830,0,0,0.2500330270031516
C00414,0,1,0.689744732352684
C04153,0,0,0.14476357582766824
C01436,0,0,0.34972197594815185
C06852,0,0,0.18329185481603125
C04352,0,0,0.2414496632912877
C02816,0,0,0.2067277092208245
C07418,0,0,0.1575075013609508
C06889,0,0,0.16643371156512635
C05608,0,0,0.2600526398370854
C05091,0,0,0.21576839376405985
C06336,0,0,0.20251651273774027
C00656,0,0,0.20691793395836522
C04583,0,0,0.2465617941787653
C03228,0,0,0.21767927192551262
C01125,0,0,0.2187877397888453
C07087,0,0,0.29961314681797574
C00626,0,1,0.6450055201530543
C00831,0,0,0.15598998550649582
C02994,0,0,0.17897059360742149
C03041,0,0,0.14136529768079603
C04918,0,0,0.1538614486571104
C02378,0,0,0.19412515531593683
C02800,0,0,0.11460618852773156
C01287,0,0,0.1701708784355385
C00761,1,1,0.6614853073007927
C05480,0,0,0.12572440294849443
C02086,0,0,0.32039650383500107
C04446,0,0,0.26596358019098004
C03930,0,0,0.18774832439510383
C03250,0,0,0.097282956524133
C02611,0,0,0.11549722549616304
C04301,0,0,0.2116457718213875
C00939,0,0,0.2917047307399684
C03644,0,0,0.21863574516393808
C06246,1,1,0.5307813158509256
C06927,0,0,0.1922444495988214
C07492,1,0,0.1606090890201243
C04508,0,0,0.1572014981641456
C04986,0,0,0.1635699679708765
C02192,0,0,0.19841584936117515
C06979,0,0,0.22179629491406383
C04070,1,1,0.509666460064629
C07738,0,0,0.1985472442537015
C07575,0,0,0.2737269761007264
C06790,0,0,0.27931464845722953
C06549,1,0,0.14122626209230785
C01535,0,0,0.13437019539472855
C02414,0,0,0.21628933224937616
C04650,0,1,0.5734186967417291
C04975,0,0,0.1559008163526686
C03167,0,0,0.20096443589908872
C05086,0,0,0.24215324347357892
C05493,0,0,0.16648719518688163
C02163,0,0,0.23279681229066748
C01851,1,1,0.6302699419540068
C00455,0,0,0.18521796906911114
C04066,0,0,0.23971007576300077
C07232,1,0,0.33546932050467126
C05432,0,0,0.23230424789178167
C07733,0,0,0.1605374164951838
C05119,0,0,0.22405898707670546
C01174,0,0,0.13345582999913042
C03093,0,0,0.14650214264041353
C00141,0,0,0.19055912019798235
C04290,0,0,0.18534411328804923
C05866,0,0,0.21922179924908258
C05542,0,0,0.22911773204746672
C01735,0,0,0.26332345715687466
C04128,0,0,0.17397682772902007
C02878,0,0,0.12687021833227694
C05595,0,0,0.2209061683193553
C01808,0,0,0.16797631122472656
C00457,0,0,0.14368319887809305
C00677,0,0,0.12235303244841061
C03043,1,1,0.6369600719499856
C03782,0,0,0.17198345247494376
C06074,0,0,0.15155260806371965
C05326,0,0,0.17724214763503685
C07044,0,0,0.1539939577328441
C00561,1,0,0.22372146969732085
C07842,0,0,0.21291600758626408
C02426,0,0,0.2743548822665047
C02632,0,0,0.25340568127487123
C02749,0,0,0.24154779895152148
C04516,0,0,0.20536268311637806
C05670,0,0,0.19873330295955818
C06080,0,1,0.5850333649221193
C02195,0,0,0.19195455086072172
C02339,0,0,0.1189740506850673
C03007,0,1,0.6104076497150664
C05871,0,0,0.2693721660159265
C02874,0,0,0.2521901184480119
C05179,0,0,0.3002720840637816
C03875,0,0,0.14286150207780116
C03722,0,0,0.20325940180161947
C06968,0,1,0.7396906498110747
C00127,0,0,0.2115657054022642
C06284,0,0,0.26971091204214503
C02554,0,0,0.24883205159179703
C02806,0,0,0.3369581027303569
C06769,0,0,0.15898771946049542
C06876,0,0,0.26189719374184955
C04057,0,1,0.7170647825700022
C07420,0,0,0.17178949221135714
C01182,0,0,0.19381561818330909
C00967,0,0,0.26091285281739635
C07470,0,0,0.18588730040944865
C05360,1,1,0.6415499120231482
C04825,0,0,0.170317731914176
C01448,0,0,0.22110244362646017
C04134,0,0,0.10766324128473619
C03211,0,0,0.1738672204501152
C06112,0,0,0.14428010716002757
C03641,1,0,0.1994096565271544
C02984,0,0,0.2046420316666941
C04847,0,0,0.11585585216872865
C01343,0,0,0.20455648907221263
C02255,0,1,0.6306286910238065
C07700,0,0,0.1071693495993762
C00517,1,0,0.1177797883060444
C04531,0,0,0.14940675425244412
C01075,0,0,0.25700925412402026
C06430,0,0,0.14816682261413075
C00420,0,0,0.16225774847277483
C07937,0,0,0.09775756916348965
C03181,0,0,0.25527898903553486
C02594,0,0,0.39601622690075217
C04091,0,0,0.20475721524370588
C03460,0,0,0.1869681007153764
C00700,0,0,0.11740625663819311
C03829,0,1,0.6014986981301901
C07568,0,0,0.2723314608019129
C07848,0,0,0.2823647898936972
C05746,0,0,0.1567449239327225
C05367,1,0,0.1875744048180446
C01470,0,0,0.20351464500273125
C00312,0,0,0.17899397934137448
C00846,0,0,0.16408740241748346
C01190,0,0,0.19316128932431828
C03534,0,0,0.3032970060385132
C02604,0,0,0.2739873404081179
C05000,0,0,0.1606667957756856
C05371,0,0,0.2198483571342702
C03798,0,0,0.23241947155280332
C03753,0,0,0.16216165553303186
C06306,0,0,0.15618297203422848
C00992,0,0,0.2200700197942091
C05519,0,0,0.33664400736533295
C04911,0,0,0.16697517567630119
C07779,0,0,0.230522236939133
C03564,0,0,0.18248339591398696
C07187,0,0,0.1822217000878945
C00740,0,0,0.3028592723785859
C02178,0,0,0.09912127588853788
C02041,0,0,0.19723692207222715
C00796,0,0,0.1742973491671732
C02437,0,0,0.2970501544667733
C07830,1,1,0.7288951508724864
C05269,0,0,0.2944645663009451
C02735,0,0,0.11033922986157846
C03615,0,0,0.20567281593873366
C04213,0,0,0.20188061901112378
C03390,0,1,0.5457359507381001
C00770,0,0,0.25199947652074217
C05323,0,0,0.2461200671622308
C03730,0,0,0.21020428686986273
C06344,0,0,0.22629093989020443
C07985,0,0,0.1464464452045993
C06042,0,0,0.20538537152957057
C03391,0,0,0.22167463533572823
C03050,0,0,0.09305172199745167
C06953,0,0,0.18764035814346053
C01092,0,0,0.26536661796352196
C03423,1,1,0.5599618226692854
C04588,0,0,0.09770600167980366
C07441,0,0,0.15824132411502861
C03123,0,0,0.19609057076256642
C03857,0,0,0.24161973606733628
C07922,0,0,0.25577986075560316
C06103,0,0,0.15484609771315255
C05894,1,1,0.7198100861374622
C05305,1,0,0.20925376523847408
C07083,0,0,0.259594345878699
C07278,0,1,0.6196483838982061
C07233,0,0,0.257282111920515
C05253,0,0,0.2094189970188294
C02999,0,0,0.15316895385421084
C00559,0,0,0.18829881912688193
C05150,0,0,0.15539664358668823
C03466,0,0,0.32522823983281435
C03850,0,1,0.6746198584421655
C04256,0,0,0.1764670654562074
C01013,0,0,0.1584230137086148
C05543,0,0,0.2661873457110226
C07488,0,0,0.18778598022389648
C01163,1,0,0.1530346068244002
C00728,0,0,0.11923215918273415
C02428,0,0,0.18202372661165223
C07892,0,0,0.24267478362507547
C05564,0,0,0.08982286140360676
C00902,0,0,0.14038843353800426
C05721,0,0,0.14952406709531946
C07695,1,1,0.602941016777433
C01612,0,1,0.5826621935715686
C06985,1,0,0.2758869403399869
C01748,0,1,0.6558782465385985
C05972,0,0,0.13400501781265434
C01445,0,0,0.4893506890324116
C01799,0,0,0.3157258061754622
C01854,0,0,0.18396429144465604
C01370,1,1,0.5651299795073242
C07637,0,0,0.17401530101228296
C01938,0,0,0.07668464565313307
C04104,0,0,0.18422614425670575
C06164,0,0,0.3026453742396826
C06851,1,0,0.1946587049271776
C06167,0,0,0.14142005885400838
C03074,0,0,0.16182525817694454
C00903,0,0,0.2551005260280109
C07330,0,0,0.21579280439640386
C02150,0,0,0.1927687838109111
C06536,0,0,0.29235488421474404
C01274,0,0,0.15121999876962092
C04405,0,0,0.1376137820501513
C02109,0,0,0.2141257013558103
C03631,0,0,0.48722936087023877
C00191,1,1,0.6251552898765733
C07804,0,0,0.16449964015220006
C03469,1,1,0.6260887706786183
C00395,0,0,0.1855210253142677
C00284,0,0,0.16695994430744768
C06704,0,0,0.2905882266046818
C07660,0,0,0.16904917499245228
C07826,0,0,0.21593756977743034
C04080,0,0,0.2228861342806355
C01858,0,0,0.1536017708204653
C03287,0,0,0.34760564226425117
C00797,0,0,0.10002033609739897
C04371,0,0,0.2198863324429543
C03755,0,0,0.22704957414653987
C03985,0,0,0.11198809610377501
C07680,1,1,0.5394720079308223
C05220,0,0,0.18135116128209364
C04851,0,0,0.14453969246730483
C07333,1,1,0.6788188827735653
C02811,0,0,0.20494911188215062
C01266,0,0,0.23915911911710083
C02048,0,0,0.14235986867984574
C02666,0,0,0.36628699077732474
C06997,0,0,0.1392912740134445
C00209,0,0,0.1923293684169128
C01175,0,0,0.19909682847658722
C06778,0,0,0.4987806466932658
C06170,0,0,0.2222429038733363
C01036,1,1,0.5240406336834403
C03787,0,0,0.28968676482782146
C02503,0,0,0.11903200900529515
C01135,0,0,0.1845100711140489
C05394,0,0,0.4441168119327431
C06218,0,0,0.22905818137271866
C06847,0,0,0.18183572890326535
C06622,0,1,0.5544660706178313
C07130,0,0,0.16941281981147988
C01622,0,0,0.16925419506705328
C03655,0,0,0.21881331619217514
C07811,0,0,0.2416776002738163
C07515,0,0,0.20363394954376593
C00060,0,0,0.11386127817341196
C01894,0,0,0.15957616766084676
C06731,0,0,0.15614458930506891
C03355,1,1,0.6295808680847762
C05004,0,0,0.16774359531527816
C02356,0,0,0.19343769876257028
C07884,0,0,0.1867093621304344
C05600,0,0,0.2515185821338513
C00661,0,0,0.20545279367333583
C02807,0,0,0.18536683346174285
C01655,0,0,0.1834699232547718
C02953,0,0,0.1663324976851793
C00123,0,0,0.2633376417154336
C05372,0,0,0.2499164835012486
C02175,0,0,0.15776653330192714
C06551,0,0,0.20965567336115157
C01481,0,0,0.21430418169214502
C02164,1,1,0.5561359261343022
C00790,0,0,0.13958609173273037
C02630,1,1,0.6334014040586385
C03410,0,0,0.1318625336610134
C05122,0,0,0.26015908785263886
C06075,0,0,0.20500707560712267
C03083,0,0,0.2528079112283859
C05745,0,0,0.1452080571107955
C07406,0,0,0.2942312372004186
C03993,0,0,0.18045812960113544
C05609,0,0,0.16337395948568909
C06588,0,0,0.49950348023250823
C02990,0,0,0.1734790552536573
C05416,0,0,0.17223873762966688
C05913,0,0,0.26511604596591426
C04852,0,1,0.6013885658748062
C03329,0,1,0.6187763132647582
C00129,0,0,0.1875418365324883
C00876,0,0,0.1447316619539316
C05774,0,0,0.12219840221331442
C03304,0,0,0.10740834196926634
C07910,0,0,0.12952245086104186
C02628,0,0,0.13598718249456093
C01788,0,0,0.39673863513691093
C04160,0,0,0.18316768882255388
C00592,0,1,0.6191903069608644
C05628,0,0,0.1609052693115664
C05267,0,0,0.36879337242468296
C05850,0,1,0.544102690677715
C05277,0,0,0.20175326714559297
C04840,0,0,0.2738046081353492
C01976,0,0,0.17386431172662034
C05174,0,0,0.0959798185621936
C01286,0,0,0.17792557604774295
C02336,0,0,0.1821153014803493
C02162,0,0,0.2648045988754736
C03111,0,0,0.15561140147804378
C04097,0,0,0.26720076276608806
C03196,0,0,0.19914516194484777
C05759,0,0,0.22463303540932422
C01014,0,0,0.25291603038538407
C00954,0,1,0.653226299287344
C05705,0,0,0.22334834048702715
C01685,0,0,0.15736182863499623
C05980,0,0,0.2394841442247788
C00736,0,0,0.19456624620265175
C02751,0,0,0.253914337076817
C04887,0,0,0.13222297861477625
C05615,0,0,0.061389207664417765
C07437,1,1,0.7193574601869444
C05919,0,0,0.1585871149619941
C04784,1,0,0.18004228604721836
C04923,0,1,0.5956617593517793
C06590,0,0,0.1965428507517185
C05716,0,0,0.1638157665910456
C06899,0,0,0.2226456015855295
C03024,0,0,0.22574681827037296
C07252,0,0,0.16757347514640747
C00848,0,0,0.15820386272454173
C06970,0,0,0.21197269683073375
C07317,0,0,0.18393393224217075
C05087,1,1,0.5499770658239047
C02845,0,0,0.2543491054423255
C05808,0,0,0.2326753598427834
C06478,0,0,0.15870495167528487
C03797,0,0,0.19632601768732502
C06285,0,0,0.1940419330964997
C01687,0,0,0.15808702722616272
C06489,0,0,0.07232320702575702
C00742,0,0,0.1598618598370718
C04401,0,0,0.16235361696445325
C05173,0,0,0.2329381438448523
C00374,0,0,0.27964099043669743
C00918,0,0,0.26525251838599184
C06163,0,0,0.15492971139317985
C00017,0,0,0.3137861293372623
C07570,0,0,0.2821237749532184
C03846,0,0,0.13415142753327094
C02005,0,0,0.15267763188820493
C06776,0,0,0.1484701842032573
C07838,0,0,0.4429190485253158
C01178,0,0,0.21447835551347266
C01378,0,0,0.145163837854736
C01426,0,0,0.1990642336642771
C04137,0,1,0.590605386978045
C06842,1,0,0.18400226124191135
C03495,0,0,0.15904269525271822
C07512,0,0,0.1565150653201535
C00351,0,0,0.186358571936702
C00358,0,0,0.16047155436180677
C04274,0,0,0.16629687169656976
C06787,0,0,0.24393835911794604
C02006,0,0,0.4246289315433106
C00910,0,0,0.20041692396866384
C00511,0,1,0.6484400976294048
C02998,0,0,0.1315631446051614
C04028,0,0,0.1315855328842693
C02989,0,0,0.19062468379573638
C06148,1,0,0.47626082728171093
C03866,0,0,0.17198109948923743
C00920,0,1,0.5785185261092803
C03925,0,0,0.11211670508884611
C00524,0,0,0.25016065031417883
C06429,0,0,0.23295438792926307
C03699,0,0,0.16860996833184172
C00866,0,0,0.2451479380085235
C04217,0,1,0.6338116402781991
C00158,0,0,0.16870528104080676
C00915,0,1,0.6085252602610937
C05252,0,0,0.30690902697975575
C06138,0,0,0.21299443104232393
C02082,0,0,0.21668037130717227
C04314,1,1,0.6448903158499006
C04692,0,1,0.502279487114172
C07023,0,0,0.19529971658006565
C07868,0,0,0.19440068508594355
C02879,0,0,0.24479659741206686
C05272,0,0,0.15770624897896013
C07820,0,0,0.19205822713132936
C06119,0,1,0.6629943738614337
C06917,0,0,0.1912617490485123
C03101,0,0,0.16641769414894708
C02814,0,0,0.16642073414651914
C03780,0,0,0.17923120343215507
C03788,0,0,0.2729737550541099
C00081,1,0,0.23707833253836733
C02191,0,0,0.22103128632770747
C03622,0,0,0.19607057401646646
C00782,0,1,0.5624506909675179
C02723,0,0,0.16564693144004156
C05168,1,1,0.7235677453399267
C03268,0,0,0.49074310084978867
C04569,0,0,0.28761634591872504
C07220,0,0,0.20827971800321324
C07692,0,0,0.10905946333467344
C00217,0,0,0.16130190147513138
C00103,0,1,0.6224336758349456
C01468,0,1,0.5674012865879058
C07547,0,0,0.2992608909342833
C07642,0,0,0.1666446118676374
C00449,0,0,0.2486806071141379
C00963,0,0,0.2564538034807194
C03687,0,0,0.27510718791546146
C04695,0,0,0.3015631114600419
C07499,0,1,0.663471660516535
C06271,0,0,0.18950586367809236
C01868,0,0,0.2011134823959211
C05185,0,0,0.2396539877912672
C03187,0,0,0.22104369646304847
C00222,0,0,0.1432948979580461
