student_id,Target,predicted_status,probability_Dropout,probability_Enrolled,probability_Graduate
STU-01854,Graduate,Graduate,0.0860910684157141,0.16411236670078871,0.7497965648834971
STU-02400,Graduate,Graduate,0.1452305903809561,0.3458790396221289,0.5088903699969148
STU-00511,Enrolled,Dropout,0.5648358773647608,0.35710692849295644,0.07805719414228293
STU-00243,Graduate,Graduate,0.07698819100638607,0.16771278218453115,0.7552990268090827
STU-03393,Graduate,Graduate,0.04827213413406782,0.11182783896448417,0.8399000269014478
STU-01788,Graduate,Dropout,0.34853082011187086,0.3240051009404585,0.32746407894767077
STU-01159,Graduate,Graduate,0.12897358533992526,0.3740033104017028,0.4970231042583717
STU-00261,Graduate,Graduate,0.15444835283685432,0.3592480916761994,0.48630355548694637
STU-01853,Graduate,Enrolled,0.1357700996987032,0.4485789493990011,0.4156509509022954
STU-01192,Graduate,Graduate,0.07395917293398517,0.30575579495428135,0.6202850321117332
STU-03272,Graduate,Graduate,0.08464019569467457,0.18539090243793943,0.7299689018673858
STU-03241,Enrolled,Enrolled,0.19302096217787795,0.6494597606311683,0.1575192771909538
STU-01865,Dropout,Dropout,0.7093194103889965,0.20965037741365386,0.08103021219734984
STU-03440,Dropout,Enrolled,0.3617028265528662,0.5334453329548565,0.10485184049227779
STU-03159,Enrolled,Enrolled,0.2046014978947129,0.5758127609363202,0.21958574116896706
STU-03395,Enrolled,Enrolled,0.1605538192544256,0.5307772782083107,0.30866890253726376
STU-00231,Graduate,Enrolled,0.18754437512143043,0.4236275248278657,0.3888281000507043
STU-01718,Enrolled,Dropout,0.6247773628898257,0.270773165622015,0.10444947148815946
STU-00724,Dropout,Dropout,0.9486495354655449,0.04311553724019336,0.008234927294262026
STU-00483,Dropout,Dropout,0.8660561785224745,0.08696683047525718,0.046976991002268396
STU-03250,Graduate,Graduate,0.045143201876756044,0.13177229915912364,0.82308449896412
STU-04221,Dropout,Dropout,0.6942305295361001,0.17089731234368138,0.13487215812021863
STU-00704,Dropout,Dropout,0.8293835161621184,0.14933582460562606,0.021280659232255247
STU-03626,Enrolled,Enrolled,0.32669903071441336,0.5978875876635648,0.07541338162202221
STU-01693,Graduate,Graduate,0.05536586771220718,0.0750258918719664,0.8696082404158262
STU-02597,Dropout,Enrolled,0.3210219870417373,0.37600089421948546,0.30297711873877775
STU-00090,Enrolled,Dropout,0.6211764626190378,0.35917974440584644,0.019643792975115617
STU-01658,Enrolled,Enrolled,0.1554214702943939,0.6401939478657889,0.20438458183981728
STU-02019,Enrolled,Graduate,0.1307553414388511,0.2678129636844844,0.6014316948766647
STU-04313,Dropout,Dropout,0.73952300323733,0.17925647832254432,0.08122051844012547
STU-03195,Enrolled,Enrolled,0.31709747254434395,0.3914882501562521,0.2914142772994039
STU-03848,Dropout,Dropout,0.8690757358973304,0.1274141657286688,0.0035100983740004566
STU-04056,Dropout,Enrolled,0.31654053743349375,0.5554379784561295,0.12802148411037662
STU-04004,Graduate,Graduate,0.03400837626865532,0.16329849782334907,0.802693125907996
STU-03322,Dropout,Dropout,0.8875385175117153,0.07843942677074717,0.03402205571753758
STU-03182,Dropout,Dropout,0.4634818359578072,0.38392933898924364,0.15258882505294943
STU-00109,Dropout,Enrolled,0.09920915773684015,0.5790749448522712,0.3217158974108889
STU-03443,Graduate,Graduate,0.1270399957094637,0.2454545055428491,0.6275054987476872
STU-03650,Dropout,Dropout,0.5411495206699992,0.3199091458157918,0.138941333514209
STU-00745,Graduate,Graduate,0.13988862581899322,0.21742609442999453,0.6426852797510125
STU-02001,Dropout,Dropout,0.6601259352294864,0.2877996863102198,0.05207437846029366
STU-00839,Dropout,Dropout,0.8610889205928637,0.11329626678880891,0.025614812618327452
STU-01910,Graduate,Graduate,0.05187422624673281,0.10926642029390353,0.8388593534593635
STU-03231,Graduate,Graduate,0.0717364341712168,0.23227684489581696,0.6959867209329664
STU-02874,Graduate,Graduate,0.33194154172584966,0.17391069118773408,0.49414776708641595
STU-04083,Enrolled,Enrolled,0.292697056028159,0.46378269810003164,0.24352024587180962
STU-00891,Graduate,Graduate,0.05470865362426084,0.06591190151564683,0.8793794448600923
STU-03582,Graduate,Graduate,0.21178236639621573,0.375084107274564,0.4131335263292207
STU-03477,Graduate,Graduate,0.12290112997383962,0.13318882076646035,0.7439100492596998
STU-04113,Graduate,Enrolled,0.14227371942313885,0.4977819026607153,0.35994437791614614
STU-00655,Graduate,Enrolled,0.14725226390907153,0.6901007734262413,0.1626469626646874
STU-04408,Graduate,Graduate,0.08925851642919656,0.22743734531859372,0.6833041382522095
STU-00183,Dropout,Dropout,0.798875255206279,0.14491154116778035,0.05621320362594113
STU-00601,Dropout,Dropout,0.9450507791715226,0.0340522375210617,0.020896983307415778
STU-01398,Graduate,Graduate,0.1241511941710225,0.1330918087489431,0.7427569970800344
STU-01539,Dropout,Dropout,0.8126205507638254,0.1617808602274868,0.025598589008687524
STU-04324,Dropout,Dropout,0.7645658023423495,0.20048325453640253,0.034950943121247725
STU-00076,Dropout,Enrolled,0.3533862387514234,0.5776682491226289,0.068945512125948
STU-03825,Enrolled,Enrolled,0.4119206175924545,0.49021131419640124,0.09786806821114437
STU-03298,Dropout,Dropout,0.6440522545894897,0.292212313588162,0.06373543182234845
STU-03305,Graduate,Graduate,0.03797595840312014,0.12477357052613466,0.8372504710707452
STU-01994,Graduate,Graduate,0.06751894191113228,0.3034956957796345,0.6289853623092332
STU-01736,Graduate,Graduate,0.18854662734340996,0.25806422605098905,0.5533891466056008
STU-01814,Graduate,Enrolled,0.18159695265868694,0.4263558443459705,0.3920472029953426
STU-02928,Graduate,Enrolled,0.11317214150084516,0.5550015838537207,0.33182627464543385
STU-04136,Graduate,Graduate,0.15145666847816272,0.40924337930621935,0.43929995221561813
STU-00215,Graduate,Graduate,0.13662478298456915,0.3571887662869403,0.5061864507284903
STU-01265,Graduate,Graduate,0.04239053461929564,0.18738894154408967,0.7702205238366145
STU-03998,Graduate,Graduate,0.15064604736513543,0.2707377848770167,0.5786161677578481
STU-02644,Dropout,Enrolled,0.346071883766738,0.5410363065846386,0.1128918096486236
STU-01153,Enrolled,Enrolled,0.21591530273802836,0.6212201174606612,0.16286457980131072
STU-01894,Enrolled,Graduate,0.3214888555214089,0.24787607495516006,0.43063506952343117
STU-00548,Enrolled,Enrolled,0.28483670762798524,0.4533201596022921,0.2618431327697229
STU-03424,Dropout,Graduate,0.14497085496477072,0.2500468015520255,0.6049823434832039
STU-02940,Dropout,Dropout,0.9101704644990211,0.07761895349039674,0.012210582010582012
STU-03971,Graduate,Graduate,0.11195523705371835,0.2573603598692888,0.6306844030769927
STU-00850,Graduate,Graduate,0.0642009610953344,0.06562464769495992,0.8701743912097057
STU-01399,Graduate,Enrolled,0.19703695365941876,0.44387555969617204,0.35908748664440915
STU-01592,Dropout,Dropout,0.36957300351196265,0.29839104637559744,0.33203595011243986
STU-03416,Enrolled,Graduate,0.1478505917908243,0.22005684317007626,0.6320925650390995
STU-01559,Dropout,Dropout,0.4937787979209343,0.18327994242109397,0.32294125965797144
STU-02611,Graduate,Graduate,0.07135157274357602,0.36638836834691185,0.562260058909512
STU-00419,Graduate,Graduate,0.056761785857132756,0.21742340934135623,0.7258148048015112
STU-00978,Graduate,Enrolled,0.1630741082647834,0.4211291785189135,0.41579671321630307
STU-00567,Dropout,Dropout,0.9177788451930019,0.049919631291073185,0.03230152351592514
STU-04176,Graduate,Graduate,0.06101700903153129,0.4666648893761144,0.4723181015923543
STU-02620,Graduate,Graduate,0.052011408381060775,0.07771837845117685,0.870270213167762
STU-03797,Graduate,Graduate,0.11438610668259626,0.36925927140637166,0.516354621911032
STU-04321,Enrolled,Enrolled,0.21786875369197808,0.6157996754322614,0.16633157087576048
STU-04027,Graduate,Graduate,0.18907668145219547,0.3629417026105542,0.4479816159372507
STU-00192,Enrolled,Dropout,0.5562832682985898,0.40131851689048265,0.04239821481092775
STU-03481,Graduate,Graduate,0.03857283765532621,0.14776647422933187,0.8136606881153418
STU-03698,Enrolled,Enrolled,0.2407472512420613,0.6467929126179772,0.11245983613996141
STU-03943,Graduate,Enrolled,0.18899979960126279,0.4878123126060246,0.32318788779271246
STU-01458,Enrolled,Graduate,0.15217035713924443,0.34867095243297713,0.49915869042777833
STU-02802,Dropout,Dropout,0.7371173572632579,0.2277464412750984,0.0351362014616436
STU-00838,Enrolled,Enrolled,0.31125916384587343,0.5410809099922604,0.14765992616186613
STU-03276,Graduate,Graduate,0.24753630986048153,0.3620795624793894,0.39038412766012914
STU-00810,Enrolled,Graduate,0.07987580958154487,0.2593119199757294,0.6608122704427256
STU-03643,Graduate,Graduate,0.17277153382663218,0.23105535850210224,0.5961731076712656
STU-00918,Dropout,Dropout,0.9430992100306709,0.03545732722210678,0.021443462747222142
STU-04417,Graduate,Graduate,0.2144816442745972,0.23320543221775247,0.5523129235076498
STU-01007,Graduate,Graduate,0.029244346458313513,0.11008442869706611,0.8606712248446203
STU-02601,Dropout,Graduate,0.15075604150220479,0.21911804762577222,0.6301259108720224
STU-03380,Graduate,Graduate,0.040926841489657646,0.09790006987896856,0.8611730886313744
STU-02665,Graduate,Graduate,0.1091600487790518,0.2649539658278469,0.6258859853931014
STU-02847,Dropout,Dropout,0.828212827385476,0.10296905885907187,0.06881811375545228
STU-01054,Graduate,Graduate,0.08847038477921207,0.44234044361790925,0.4691891716028783
STU-04292,Graduate,Dropout,0.4421975237101659,0.25522337646803056,0.3025790998218036
STU-01472,Enrolled,Enrolled,0.2335758421015125,0.5585757655186575,0.20784839237982997
STU-02756,Graduate,Graduate,0.28244758102794787,0.209851104397342,0.5077013145747101
STU-01838,Enrolled,Enrolled,0.21037850642884207,0.42287696308558315,0.36674453048557504
STU-04171,Enrolled,Enrolled,0.44040973936570865,0.4591571895124148,0.10043307112187638
STU-00134,Dropout,Dropout,0.602546548879118,0.25490555682294685,0.14254789429793568
STU-02701,Dropout,Dropout,0.529453057450669,0.22471624894163147,0.24583069360769957
STU-04210,Graduate,Graduate,0.09040884908941733,0.29044383930394296,0.6191473116066395
STU-02311,Graduate,Graduate,0.053214779022185334,0.035964693958135584,0.9108205270196789
STU-01687,Graduate,Enrolled,0.29562365634985865,0.46091684984506115,0.24345949380508053
STU-00744,Dropout,Enrolled,0.3351276915233442,0.550796927891268,0.11407538058538813
STU-03647,Enrolled,Enrolled,0.3784013250560311,0.5013252400098844,0.12027343493408468
STU-02114,Graduate,Graduate,0.1714190348533084,0.21666622492039844,0.6119147402262934
STU-02497,Graduate,Graduate,0.29287187735014736,0.23144313990392062,0.47568498274593235
STU-00738,Dropout,Dropout,0.5406426806012803,0.4121191625396838,0.047238156859035894
STU-00777,Graduate,Graduate,0.07694236694136504,0.22174552507315404,0.7013121079854807
STU-03984,Graduate,Graduate,0.02454295908522179,0.032169457500938,0.9432875834138402
STU-03124,Graduate,Graduate,0.01606565196941478,0.06825631086483021,0.915678037165755
STU-03754,Graduate,Graduate,0.06080481888509375,0.12737623589933122,0.8118189452155751
STU-00674,Graduate,Graduate,0.11331009878504397,0.3061625475426757,0.58052735367228
STU-00019,Graduate,Enrolled,0.15598220183706296,0.5573654577443465,0.2866523404185906
STU-02158,Graduate,Graduate,0.08555120047937417,0.2341455438831163,0.6803032556375098
STU-03565,Dropout,Dropout,0.823845117414685,0.16181110778092037,0.014343774804394622
STU-02295,Dropout,Dropout,0.7720910928070726,0.15615368567771065,0.0717552215152169
STU-04248,Graduate,Graduate,0.23350115827541137,0.3109324018387944,0.45556643988579426
STU-02594,Dropout,Enrolled,0.12487686446352139,0.4706449521269959,0.40447818340948305
STU-02801,Graduate,Graduate,0.07296710372851346,0.08081052015442086,0.8462223761170654
STU-00563,Dropout,Dropout,0.5788356866201626,0.3773248081066517,0.04383950527318575
STU-01011,Graduate,Graduate,0.07792562178732836,0.307042056295398,0.6150323219172734
STU-01013,Graduate,Graduate,0.08007496756660046,0.22064704272421962,0.6992779897091801
STU-00253,Graduate,Graduate,0.037634978431995814,0.10125214679660265,0.8611128747714016
STU-02617,Dropout,Dropout,0.48546895473775253,0.326482554120036,0.1880484911422116
STU-02248,Enrolled,Enrolled,0.3926785044536193,0.4849575067082797,0.12236398883810103
STU-01561,Enrolled,Enrolled,0.16518228835415316,0.4880864972257037,0.3467312144201434
STU-01816,Enrolled,Graduate,0.23708637812436056,0.30959015831900477,0.4533234635566348
STU-00779,Enrolled,Graduate,0.12687050379775885,0.32583657476153016,0.547292921440711
STU-01551,Graduate,Graduate,0.29597083769347077,0.0920905394031669,0.6119386229033625
STU-02399,Graduate,Graduate,0.10319521009130869,0.11874272738167534,0.7780620625270164
STU-04348,Dropout,Enrolled,0.3153589993877896,0.6123276681566374,0.07231333245557259
STU-02108,Graduate,Graduate,0.10066507735583684,0.19210593544402882,0.7072289872001345
STU-02468,Enrolled,Graduate,0.10524233704526566,0.31823063411675956,0.5765270288379748
STU-02725,Graduate,Graduate,0.09160549593268168,0.34122001862450463,0.5671744854428139
STU-03740,Dropout,Enrolled,0.3894955722280148,0.5792552624222432,0.031249165349742036
STU-03785,Dropout,Dropout,0.4378714903169444,0.28081074870392614,0.28131776097912964
STU-03445,Dropout,Dropout,0.5957496293334149,0.21531402877788688,0.18893634188869804
STU-01339,Dropout,Enrolled,0.2389236086763344,0.5548202329722741,0.20625615835139147
STU-01376,Dropout,Dropout,0.554566237935,0.18587818431523864,0.2595555777497611
STU-02588,Enrolled,Enrolled,0.4308617345653075,0.47268448494652854,0.09645378048816387
STU-04181,Enrolled,Dropout,0.5231460439057193,0.40962000185142283,0.06723395424285808
STU-01361,Dropout,Dropout,0.6140514868688632,0.31956044076518714,0.06638807236594968
STU-02688,Dropout,Dropout,0.8982495013562776,0.0909111810985222,0.010839317545199897
STU-02092,Enrolled,Enrolled,0.18413539063196574,0.58983219895069,0.22603241041734448
STU-02205,Graduate,Graduate,0.12696429114823335,0.4095036993261009,0.46353200952566576
STU-02397,Dropout,Dropout,0.8385777120326523,0.15294253994063,0.008479748026717584
STU-01974,Graduate,Graduate,0.07388563118992021,0.22246724517733293,0.7036471236327465
STU-02769,Graduate,Graduate,0.07089921650533415,0.42099635457192847,0.5081044289227374
STU-01728,Enrolled,Enrolled,0.2587386004628757,0.43123366506132366,0.3100277344758009
STU-01032,Enrolled,Enrolled,0.23477656688049028,0.48573797616790754,0.27948545695160243
STU-03936,Enrolled,Enrolled,0.2570186922837571,0.5025509804407214,0.24043032727552197
STU-03948,Dropout,Dropout,0.8935259776009015,0.06267816140043381,0.043795860998664816
STU-03237,Graduate,Graduate,0.06822205268537179,0.1855588637541857,0.7462190835604424
STU-02193,Dropout,Dropout,0.5954269296146616,0.3048283178731881,0.09974475251215043
STU-03239,Graduate,Graduate,0.10486852356259488,0.09767103295107687,0.7974604434863287
STU-02245,Dropout,Dropout,0.763616253308323,0.1921161789841172,0.04426756770755988
STU-02297,Dropout,Dropout,0.5436218299955474,0.4054480273634705,0.05093014264098231
STU-04196,Graduate,Graduate,0.11419530234864449,0.4120065911922038,0.47379810645915177
STU-01140,Graduate,Graduate,0.07758616437534473,0.22573800763850074,0.6966758279861544
STU-03409,Dropout,Dropout,0.7392429932749652,0.22894185267421108,0.0318151540508241
STU-01970,Graduate,Graduate,0.14565025655084918,0.24291801739376187,0.6114317260553888
STU-00642,Enrolled,Enrolled,0.15894195763439262,0.7207267186395748,0.12033132372603263
STU-04011,Dropout,Dropout,0.9356265979810655,0.05501971602239142,0.009353685996543138
STU-01573,Dropout,Dropout,0.967614413675338,0.02203013225492217,0.010355454069739783
STU-02192,Dropout,Dropout,0.8546346836024754,0.0802978050485273,0.06506751134899717
STU-02813,Graduate,Graduate,0.10134000333453644,0.1013087134889091,0.7973512831765549
STU-01957,Enrolled,Enrolled,0.2237334015057995,0.4787102502597468,0.29755634823445415
STU-03260,Graduate,Graduate,0.07203038297901738,0.06945743577447334,0.8585121812465091
STU-00415,Graduate,Graduate,0.049318444700385496,0.1307146878884148,0.8199668674111991
STU-02112,Graduate,Graduate,0.02791532648294113,0.08358235309559077,0.888502320421468
STU-02214,Dropout,Enrolled,0.20022159480303164,0.5327988033793277,0.2669796018176406
STU-01777,Graduate,Graduate,0.19067505544833246,0.3586276239508014,0.4506973206008663
STU-02990,Enrolled,Enrolled,0.2083887634824271,0.4385359410503188,0.3530752954672542
STU-01812,Graduate,Graduate,0.07858348178579508,0.08634012127468683,0.8350763969395185
STU-03573,Dropout,Dropout,0.4167621336063853,0.35824096564950203,0.22499690074411277
STU-04007,Graduate,Graduate,0.05769630755985234,0.15868445827309666,0.7836192341670508
STU-01567,Graduate,Graduate,0.06073005281617745,0.03317092803799387,0.9060990191458285
STU-00503,Enrolled,Dropout,0.6292229438070499,0.2801297814772791,0.09064727471567076
STU-01440,Graduate,Enrolled,0.1318323022215361,0.4576427367925881,0.4105249609858755
STU-00290,Graduate,Graduate,0.10526275046979913,0.23497540215571353,0.6597618473744872
STU-00393,Dropout,Dropout,0.6422206111304136,0.20697079192375847,0.15080859694582785
STU-01214,Graduate,Graduate,0.32033669798762543,0.32648119039932955,0.35318211161304514
STU-03903,Enrolled,Enrolled,0.2233182603133876,0.5205245812984889,0.25615715838812375
STU-02508,Graduate,Graduate,0.15355853677109807,0.2814017653885835,0.5650396978403183
STU-04273,Graduate,Graduate,0.04337813372900053,0.12936332665489136,0.827258539616108
STU-03910,Dropout,Dropout,0.8796228148285867,0.097307911237666,0.02306927393374718
STU-02692,Graduate,Enrolled,0.1818926442936123,0.6110245506882797,0.20708280501810797
STU-03922,Graduate,Graduate,0.035552158447386364,0.06895738076084157,0.8954904607917724
STU-03077,Dropout,Enrolled,0.36125766534582665,0.4590064324402881,0.17973590221388547
STU-02480,Dropout,Enrolled,0.30429988886998577,0.5336089955160532,0.16209111561396072
STU-01578,Enrolled,Enrolled,0.21815881212516586,0.619133523629551,0.1627076642452829
STU-01938,Graduate,Graduate,0.053854563615034524,0.10368253343796423,0.8424629029470011
STU-03519,Dropout,Enrolled,0.4204616891372893,0.4994873586033449,0.08005095225936575
STU-01681,Enrolled,Enrolled,0.24428846842945826,0.6485267387365842,0.10718479283395778
STU-00881,Graduate,Graduate,0.12599719369342632,0.20013755693173801,0.6738652493748358
STU-01172,Graduate,Graduate,0.06562775886072542,0.0815543610746019,0.8528178800646724
STU-03859,Dropout,Dropout,0.7369302227822248,0.20082460533798135,0.06224517187979358
STU-01347,Graduate,Graduate,0.14291801862452103,0.05854995622884392,0.7985320251466346
STU-02429,Dropout,Enrolled,0.27026677393717524,0.3975958687166494,0.3321373573461751
STU-03861,Dropout,Enrolled,0.45171961794252263,0.4643308280743282,0.08394955398314902
STU-01790,Graduate,Graduate,0.14438884510512842,0.2826080142995814,0.5730031405952904
STU-00920,Graduate,Graduate,0.0691194794835135,0.21151470810508677,0.7193658124114001
STU-02469,Dropout,Enrolled,0.38317919505228354,0.4580029982784314,0.15881780666928505
STU-01407,Graduate,Graduate,0.04628282681117822,0.10300770817105684,0.8507094650177648
STU-00840,Graduate,Graduate,0.09779742042961179,0.39782946780065753,0.5043731117697305
STU-00027,Graduate,Graduate,0.09564753348542197,0.30749303800881145,0.5968594285057666
STU-02049,Graduate,Graduate,0.2114778232419562,0.08387369296458609,0.7046484837934576
STU-02321,Dropout,Dropout,0.6677619100007162,0.237367215703535,0.09487087429574878
STU-03739,Graduate,Graduate,0.19960646013710728,0.260251369877961,0.5401421699849319
STU-01733,Dropout,Dropout,0.571969522210026,0.32432568118770155,0.10370479660227257
STU-01045,Graduate,Enrolled,0.14634515912606333,0.4844517988942881,0.3692030419796486
STU-03634,Graduate,Graduate,0.15540091382381904,0.3048227772417066,0.5397763089344744
STU-01757,Enrolled,Enrolled,0.16653170956494112,0.4953663126641731,0.3381019777708861
STU-03071,Enrolled,Graduate,0.2460104291402246,0.3728219230984575,0.38116764776131806
STU-00218,Dropout,Dropout,0.8015845824644292,0.16813688089797207,0.030278536637598465
STU-03676,Graduate,Graduate,0.04650623709553988,0.15775990183522512,0.795733861069235
STU-01225,Graduate,Graduate,0.025835118423800187,0.10223611232025755,0.8719287692559418
STU-02046,Graduate,Graduate,0.07635617418923744,0.3252094654317065,0.598434360379056
STU-04078,Dropout,Dropout,0.7449817212818196,0.1878208337640515,0.06719744495412924
STU-00633,Graduate,Graduate,0.04035552213190023,0.03486525343310806,0.9247792244349918
STU-04014,Graduate,Graduate,0.07243200647148257,0.06624332585756658,0.8613246676709504
STU-03946,Graduate,Graduate,0.06996980689094474,0.04121024473962821,0.888819948369427
STU-03685,Dropout,Enrolled,0.3999541824580816,0.4213037656470759,0.17874205189484313
STU-00668,Graduate,Graduate,0.06351496754397659,0.1431728829626949,0.7933121494933284
STU-00518,Dropout,Enrolled,0.2642213932331419,0.6202345652705772,0.11554404149628066
STU-01211,Dropout,Dropout,0.8990481672119224,0.08723391637356695,0.013717916414510842
STU-00085,Graduate,Graduate,0.1736285054922197,0.39389617204864097,0.43247532245913933
STU-00432,Graduate,Graduate,0.09571004698494846,0.3056715927301163,0.5986183602849349
STU-00598,Dropout,Dropout,0.5272153548389613,0.3575782640497165,0.11520638111132235
STU-00336,Graduate,Graduate,0.057858108996229674,0.11086319093708362,0.8312787000666867
STU-00746,Dropout,Dropout,0.8786119990682052,0.10919773251673652,0.012190268415058332
STU-01729,Dropout,Dropout,0.9442444645399608,0.039721587265377105,0.01603394819466248
STU-03293,Dropout,Dropout,0.5468699134695214,0.3162788040465197,0.1368512824839592
STU-02794,Graduate,Dropout,0.7723999953577297,0.11659607813717536,0.11100392650509533
STU-00844,Graduate,Graduate,0.041075729356734494,0.11205839636039142,0.8468658742828742
STU-02283,Dropout,Dropout,0.5727426238215322,0.34976904211412607,0.07748833406434193
STU-04317,Graduate,Graduate,0.21596562123801463,0.27231609891058306,0.5117182798514025
STU-03898,Graduate,Graduate,0.07055009093123503,0.16090425480351855,0.7685456542652466
STU-00732,Graduate,Enrolled,0.16991899325644824,0.5510610224810665,0.2790199842624853
STU-01534,Enrolled,Dropout,0.4356762380466899,0.39415229304755317,0.1701714689057571
STU-02717,Enrolled,Dropout,0.7121113654693038,0.18408088285902835,0.10380775167166817
STU-01423,Graduate,Graduate,0.06670516514905847,0.13666253386130414,0.7966323009896368
STU-03081,Graduate,Graduate,0.09421687502363595,0.32609844506601193,0.579684679910352
STU-00139,Enrolled,Graduate,0.06206660171376154,0.3810518641960987,0.5568815340901401
STU-01797,Graduate,Graduate,0.04255893242065749,0.06500196909311028,0.8924390984862319
STU-01959,Dropout,Graduate,0.0990324655152001,0.36140162755635413,0.5395659069284454
STU-00476,Graduate,Graduate,0.1306931367474911,0.29186390086828673,0.5774429623842224
STU-02025,Enrolled,Enrolled,0.32452361279326286,0.5747597966261891,0.10071659058054837
STU-03106,Dropout,Graduate,0.15474510297191418,0.28866981874563963,0.5565850782824464
STU-03083,Graduate,Graduate,0.08224842628723264,0.15316347166940214,0.7645881020433652
STU-01351,Graduate,Graduate,0.3814193247893953,0.1817145444258803,0.4368661307847245
STU-00287,Enrolled,Graduate,0.07885593722981248,0.3259038814705126,0.5952401812996746
STU-04167,Enrolled,Enrolled,0.18411303790624714,0.4212225533127402,0.3946644087810126
STU-03613,Dropout,Enrolled,0.3893756517269555,0.5240072890582678,0.0866170592147764
STU-02063,Graduate,Graduate,0.057445990695597846,0.1711418616808986,0.7714121476235032
STU-03097,Graduate,Graduate,0.06716671005989701,0.10793630929069413,0.8248969806494089
STU-01689,Enrolled,Dropout,0.5543780466249301,0.14156898747308927,0.3040529659019809
STU-02383,Dropout,Graduate,0.25623999164736966,0.2667858520969093,0.476974156255721
STU-01277,Graduate,Enrolled,0.12354754531613397,0.4615422172312729,0.41491023745259303
STU-01432,Dropout,Dropout,0.5346242435193833,0.40909291384693874,0.05628284263367806
STU-03784,Enrolled,Enrolled,0.06057870604526645,0.5955485445506976,0.3438727494040361
STU-00956,Dropout,Dropout,0.47303096326249583,0.35401870459925067,0.17295033213825362
STU-01316,Graduate,Graduate,0.07529655585265164,0.17041662486802753,0.7542868192793207
STU-04086,Dropout,Dropout,0.6164126046603606,0.2718969652182127,0.11169043012142646
STU-01389,Dropout,Dropout,0.712809708268759,0.24787693505422057,0.03931335667702037
STU-00541,Graduate,Graduate,0.14479877900323226,0.21932485427091053,0.635876366725857
STU-03928,Dropout,Dropout,0.5893356981334,0.17637193659240102,0.23429236527419886
STU-00077,Dropout,Enrolled,0.37793134486694785,0.4115710651804718,0.21049758995258036
STU-01985,Graduate,Graduate,0.014523884921575346,0.045981854905275586,0.939494260173149
STU-04151,Graduate,Graduate,0.19577145767687926,0.053717098293593224,0.7505114440295277
STU-01531,Enrolled,Dropout,0.5285513770196938,0.3319472829788101,0.13950134000149578
STU-01619,Dropout,Graduate,0.0799254823372372,0.06861712752192033,0.8514573901408422
STU-03955,Dropout,Enrolled,0.4454299784705571,0.5122808624013421,0.042289159128100794
STU-01206,Graduate,Enrolled,0.3739442544856823,0.46881992991554405,0.15723581559877375
STU-03735,Dropout,Enrolled,0.3059691755969873,0.41817019844856335,0.2758606259544494
STU-01322,Enrolled,Graduate,0.10074988773214556,0.23537922429261296,0.6638708879752415
STU-03787,Dropout,Dropout,0.37686693168665264,0.3006739406848074,0.3224591276285399
STU-03876,Dropout,Dropout,0.8497225954280192,0.09652556336871981,0.053751841203260896
STU-02549,Graduate,Graduate,0.08611099409080064,0.08044211483162515,0.8334468910775744
STU-01937,Graduate,Enrolled,0.24929288335248856,0.4067559135967339,0.34395120305077787
STU-00409,Graduate,Graduate,0.0656872564239488,0.153402151569172,0.7809105920068791
STU-01142,Enrolled,Graduate,0.1658301651987789,0.36785292510913314,0.46631690969208817
STU-02714,Graduate,Enrolled,0.16759170124763653,0.5744420272963732,0.25796627145599094
STU-02829,Enrolled,Graduate,0.11068128563025947,0.17068030476059817,0.7186384096091419
STU-00296,Graduate,Graduate,0.033534097095213294,0.06482849455078722,0.9016374083539995
STU-01151,Graduate,Graduate,0.09796308384421575,0.19228586890461022,0.709751047251174
STU-02212,Graduate,Graduate,0.05625006726033261,0.10914794444740834,0.8346019882922591
STU-03835,Graduate,Graduate,0.10578983298926425,0.4050423481309564,0.4891678188797792
STU-04120,Graduate,Enrolled,0.17889149774645144,0.6032634293534439,0.2178450729001051
STU-03458,Graduate,Graduate,0.032878230811658735,0.0869322068185819,0.8801895623697593
STU-04190,Graduate,Graduate,0.2359778014270946,0.2738794711710902,0.4901427274018152
STU-03562,Graduate,Graduate,0.04987167414454055,0.164805781865115,0.7853225439903448
STU-04307,Dropout,Dropout,0.9076265681118356,0.08471481097074066,0.007658620917423735
STU-02966,Graduate,Graduate,0.19824135958929323,0.23173944359203577,0.5700191968186706
STU-02402,Graduate,Graduate,0.18620248069696466,0.25912406547859823,0.5546734538244369
STU-00246,Graduate,Graduate,0.10648539387033505,0.13604134839079954,0.7574732577388655
STU-00421,Graduate,Graduate,0.055696735385562815,0.091297850475738,0.8530054141386986
STU-01473,Graduate,Graduate,0.08600249584142385,0.1489272232822519,0.7650702808763242
STU-00465,Enrolled,Enrolled,0.18490368812866392,0.5313616448918471,0.28373466697948896
STU-00708,Graduate,Graduate,0.1482952767858235,0.09667350999758123,0.755031213216595
STU-03090,Dropout,Dropout,0.9476967515833095,0.04008408062086266,0.012219167795827754
STU-01396,Graduate,Graduate,0.12214061636213186,0.20765856225607723,0.6702008213817912
STU-00909,Enrolled,Dropout,0.42804584441350274,0.4145596641639175,0.15739449142257997
STU-02398,Enrolled,Enrolled,0.17574495394803583,0.5302838875323269,0.2939711585196376
STU-01101,Dropout,Enrolled,0.15899904733323558,0.4990721722797246,0.34192878038703983
STU-02404,Graduate,Graduate,0.07404302095106186,0.10936227038883026,0.816594708660108
STU-00310,Dropout,Dropout,0.6406574684229788,0.3172910814173416,0.04205145015967965
STU-00663,Graduate,Graduate,0.13393756649190194,0.13902372491640064,0.7270387085916976
STU-00275,Graduate,Graduate,0.05079010070741645,0.11311997892495487,0.8360899203676292
STU-03720,Dropout,Dropout,0.6547008575878777,0.199960945992966,0.1453381964191564
STU-00748,Graduate,Graduate,0.25943748664638955,0.1690717518548701,0.5714907614987405
STU-01684,Dropout,Enrolled,0.3349995930349099,0.41687003601673034,0.2481303709483601
STU-02943,Graduate,Graduate,0.06791878630735745,0.13497128839981085,0.7971099252928319
STU-01546,Graduate,Graduate,0.15394309496827002,0.3973677576416177,0.4486891473901124
STU-03016,Graduate,Graduate,0.054886915415011124,0.08437322970026137,0.8607398548847277
STU-02432,Graduate,Graduate,0.12626555134585263,0.2406007202806183,0.633133728373529
STU-02374,Enrolled,Enrolled,0.1081217208785895,0.5077723111365177,0.38410596798489305
STU-00249,Graduate,Enrolled,0.17313743653109895,0.4540202861341511,0.37284227733475006
STU-03935,Dropout,Dropout,0.6702873767570224,0.20609779641094136,0.12361482683203663
STU-02812,Dropout,Dropout,0.63381220659903,0.25414091948534484,0.11204687391562537
STU-02237,Enrolled,Enrolled,0.32634520211367635,0.5371296169979937,0.13652518088832968
STU-00962,Graduate,Graduate,0.2667339997374401,0.17652357542701091,0.5567424248355491
STU-00434,Dropout,Dropout,0.5743862677631544,0.316085924512417,0.10952780772442923
STU-00234,Graduate,Graduate,0.10628787419044873,0.37513108647179894,0.5185810393377521
STU-01803,Graduate,Graduate,0.17165168075812168,0.3751809483551303,0.4531673708867485
STU-02290,Dropout,Dropout,0.9115975165833662,0.0698664983365311,0.018535985080102728
STU-00906,Graduate,Graduate,0.06353586810858926,0.08171855236181685,0.8547455795295934
STU-02067,Graduate,Graduate,0.08005367523776277,0.12287784061945355,0.7970684841427839
STU-03191,Dropout,Dropout,0.9557831922388533,0.040322070379014203,0.003894737382132341
STU-01413,Graduate,Enrolled,0.2288387637460026,0.45610929773192604,0.3150519385220714
STU-00279,Enrolled,Graduate,0.025011971331223824,0.053558814976282815,0.9214292136924933
STU-03571,Graduate,Enrolled,0.20485035550602276,0.5922292188807917,0.20292042561318563
STU-02021,Dropout,Dropout,0.920376340666401,0.07389406749686447,0.005729591836734695
STU-00216,Enrolled,Graduate,0.14109657758763172,0.3414874892903572,0.5174159331220111
STU-03282,Dropout,Dropout,0.5518904884626893,0.140773813837796,0.3073356976995148
STU-02447,Dropout,Graduate,0.23774165039438924,0.24042990938865988,0.5218284402169506
STU-00202,Graduate,Graduate,0.10255556805758116,0.14005467378301378,0.757389758159405
STU-00751,Graduate,Enrolled,0.221905873510834,0.40995501554406416,0.368139110945102
STU-02055,Graduate,Graduate,0.07994302885245647,0.07748746443177836,0.842569506715765
STU-01114,Enrolled,Enrolled,0.27248586876545816,0.6320097978018719,0.09550433343266981
STU-03238,Enrolled,Enrolled,0.2246610612106598,0.5136353864233896,0.2617035523659506
STU-02979,Graduate,Graduate,0.09940133864040261,0.2992340902438111,0.601364571115786
STU-04035,Dropout,Dropout,0.951869454932717,0.0205969504842791,0.02753359458300382
STU-03351,Enrolled,Graduate,0.13589128753178134,0.2538711517532464,0.610237560714972
STU-04034,Dropout,Dropout,0.45898866002193756,0.30849556091238317,0.23251577906567916
STU-00986,Graduate,Graduate,0.05608831472344344,0.1525435592849037,0.791368125991653
STU-02210,Dropout,Dropout,0.873618029021925,0.09775677350085092,0.02862519747722421
STU-03829,Dropout,Enrolled,0.45830644961926054,0.4943190619185516,0.0473744884621879
STU-01821,Enrolled,Dropout,0.6500664477108985,0.2911281053900852,0.05880544689901619
STU-00057,Dropout,Dropout,0.8878969848743035,0.08244018260397873,0.029662832521717537
STU-04260,Dropout,Enrolled,0.2927420324095599,0.5521204200436384,0.15513754754680203
STU-02221,Graduate,Graduate,0.08055496719952296,0.24492350857662679,0.6745215242238507
STU-01150,Graduate,Graduate,0.062156373059345404,0.21218953043011501,0.7256540965105398
STU-03035,Graduate,Enrolled,0.12602110748779372,0.45619672908734604,0.4177821634248604
STU-00053,Enrolled,Enrolled,0.23525441509642117,0.47238630761997397,0.292359277283605
STU-02500,Dropout,Dropout,0.6617865078928624,0.23980532769725468,0.09840816440988295
STU-03264,Graduate,Graduate,0.11667652887225267,0.14233033292830866,0.7409931381994388
STU-00659,Graduate,Enrolled,0.12272294165767683,0.5625176825343379,0.3147593758079856
STU-01988,Enrolled,Dropout,0.9090616850885258,0.071511614990069,0.019426699921404996
STU-00774,Graduate,Graduate,0.05676048491340893,0.14263397549015075,0.8006055395964395
STU-02127,Dropout,Graduate,0.03530405059072592,0.1334628734563899,0.831233075952884
STU-04179,Graduate,Graduate,0.04728722624119989,0.11690736092365618,0.8358054128351438
STU-00485,Graduate,Graduate,0.0678755875724851,0.2847540092973827,0.647370403130132
STU-02582,Dropout,Dropout,0.9301404263339899,0.06249187509232787,0.007367698573682347
STU-01464,Dropout,Enrolled,0.37008849547385947,0.5625588806076787,0.06735262391846185
STU-00977,Graduate,Graduate,0.16920640005007617,0.33656969374467344,0.4942239062052502
STU-01966,Graduate,Graduate,0.1716176035460708,0.21387692667379696,0.6145054697801324
STU-04021,Dropout,Dropout,0.6146323526893527,0.2644983528663895,0.12086929444425777
STU-03327,Graduate,Graduate,0.22835070584281036,0.3607321215459226,0.41091717261126715
STU-02939,Enrolled,Enrolled,0.28949060954449796,0.6050442268242899,0.10546516363121192
STU-00190,Graduate,Graduate,0.1740034828211954,0.19726658611382297,0.6287299310649818
STU-00388,Graduate,Dropout,0.44328168914357563,0.24858408126285708,0.30813422959356734
STU-00892,Dropout,Dropout,0.8569274666772838,0.07440556198219893,0.06866697134051726
STU-03414,Dropout,Dropout,0.8737623176478208,0.07520622600097518,0.051031456351204124
STU-02750,Dropout,Enrolled,0.22411921239262397,0.4417775689169772,0.33410321869039905
STU-04205,Dropout,Enrolled,0.31940879516194465,0.3525580495840644,0.3280331552539911
STU-02538,Graduate,Graduate,0.048559012381417695,0.14524164442034454,0.806199343198238
STU-04397,Graduate,Graduate,0.08640497350282927,0.11245352399259216,0.8011415025045782
STU-03394,Graduate,Graduate,0.08638770441652897,0.21296783358357796,0.7006444619998932
STU-03886,Graduate,Graduate,0.13565965805532829,0.19410372617693136,0.6702366157677405
STU-00963,Graduate,Graduate,0.15887363177918148,0.256771623028024,0.5843547451927943
STU-03459,Graduate,Graduate,0.07815963556072482,0.2890908020563624,0.6327495623829121
STU-03529,Dropout,Enrolled,0.24941940139615387,0.620279267600297,0.13030133100354904
STU-02348,Graduate,Graduate,0.1973168492450486,0.37243199182168163,0.43025115893326965
STU-02869,Enrolled,Enrolled,0.21170439724719395,0.44772745541863485,0.3405681473341716
STU-04353,Dropout,Graduate,0.11475929083211063,0.20892708968388743,0.6763136194840016
STU-04277,Dropout,Dropout,0.8329188506057154,0.13203419236654612,0.035046957027738655
STU-01900,Graduate,Graduate,0.08745030877583326,0.19363713127819449,0.7189125599459721
STU-03281,Graduate,Graduate,0.09246725993660504,0.20193698676130545,0.7055957533020896
STU-02207,Dropout,Dropout,0.8704426481423414,0.08231631225895848,0.04724103959870018
STU-00245,Graduate,Graduate,0.073895480521053,0.18704306865378145,0.7390614508251657
STU-03641,Graduate,Graduate,0.14095730011031332,0.11763128977991592,0.7414114101097707
STU-00356,Graduate,Graduate,0.098689714372358,0.07800875940499359,0.8233015262226484
STU-04042,Graduate,Graduate,0.056574760380628135,0.17358550465064101,0.7698397349687307
STU-03558,Dropout,Dropout,0.9453895100787915,0.04984987786381286,0.004760612057395855
STU-03104,Dropout,Dropout,0.8373251614707466,0.08469660508589552,0.0779782334433579
STU-02249,Dropout,Dropout,0.7559596162339299,0.2362008757017718,0.00783950806429798
STU-00665,Graduate,Graduate,0.1278656102563072,0.20081616160560006,0.6713182281380928
STU-04335,Graduate,Graduate,0.04943181250538534,0.2532231024325093,0.697345085062105
STU-00743,Dropout,Enrolled,0.1368243621180534,0.46945574727024564,0.3937198906117012
STU-03030,Graduate,Enrolled,0.2664683684523406,0.5121914480550436,0.22134018349261583
STU-01867,Dropout,Dropout,0.9187982266062904,0.07052603643225815,0.010675736961451247
STU-01348,Enrolled,Enrolled,0.04228533584313406,0.6074053959366578,0.35030926822020836
STU-00169,Graduate,Graduate,0.1498837359962063,0.21676925352605556,0.6333470104777383
STU-00831,Dropout,Graduate,0.1719674372419767,0.32322216712663165,0.504810395631392
STU-04132,Graduate,Graduate,0.11535731621886847,0.33690260259398325,0.5477400811871487
STU-04127,Enrolled,Enrolled,0.11055932452888403,0.5564827504664357,0.3329579250046802
STU-01188,Dropout,Enrolled,0.3928631344392938,0.5674414235307613,0.03969544202994501
STU-02881,Graduate,Graduate,0.23315424595551232,0.351750965086036,0.41509478895845175
STU-00702,Dropout,Enrolled,0.3508454224582178,0.3900167037439025,0.2591378737978799
STU-00365,Enrolled,Graduate,0.07490925021225135,0.39476258324335717,0.5303281665443912
STU-02047,Dropout,Dropout,0.9226603473947657,0.04151242818980536,0.03582722441542921
STU-02974,Graduate,Enrolled,0.192890113354154,0.6575898967966378,0.14951998984920817
STU-01810,Graduate,Graduate,0.20867127318948883,0.2523674368739495,0.5389612899365617
STU-02341,Dropout,Dropout,0.9735583273680664,0.015134882106483604,0.01130679052545012
STU-03930,Enrolled,Enrolled,0.25270711988556516,0.5571536953887412,0.1901391847256932
STU-03300,Dropout,Dropout,0.9522249565803418,0.026434788068769078,0.021340255350889185
STU-01614,Dropout,Dropout,0.9756669042502985,0.014473537433621468,0.009859558316080055
STU-01615,Graduate,Graduate,0.08572784406058462,0.15698119082155537,0.7572909651178601
STU-01749,Dropout,Dropout,0.8920373292436818,0.10095038332386283,0.007012287432455499
STU-02434,Enrolled,Enrolled,0.29269407974105516,0.5804159013979198,0.1268900188610253
STU-03654,Enrolled,Enrolled,0.10541416348856751,0.51168935748571,0.3828964790257224
STU-02991,Graduate,Graduate,0.22541885407989237,0.23293335062360915,0.5416477952964983
STU-00974,Graduate,Dropout,0.43125498497014436,0.29171871568817703,0.2770262993416788
STU-01439,Graduate,Graduate,0.10181996378983091,0.08365894774064156,0.8145210884695273
STU-00324,Graduate,Enrolled,0.21015168310658186,0.44926779555804325,0.3405805213353752
STU-03731,Graduate,Enrolled,0.15519940503474808,0.49979955201055964,0.3450010429546926
STU-02050,Graduate,Graduate,0.08337486109184625,0.10896545907223147,0.807659679835922
STU-00206,Graduate,Dropout,0.5479602507367666,0.20580871711978846,0.24623103214344533
STU-01784,Enrolled,Enrolled,0.24570984121301248,0.6825143521393932,0.07177580664759457
STU-01562,Enrolled,Enrolled,0.29260580290135824,0.4628102073898917,0.24458398970875006
STU-00989,Dropout,Enrolled,0.3925965632689148,0.5289701749764281,0.0784332617546572
STU-04094,Graduate,Graduate,0.07251838493510744,0.11636019795336755,0.8111214171115249
STU-03302,Graduate,Graduate,0.020084964757785446,0.046082023904243104,0.9338330113379714
STU-04231,Graduate,Graduate,0.1166327615051972,0.20550686027105214,0.6778603782237504
STU-01406,Dropout,Dropout,0.655388713775253,0.31309111374495746,0.03152017247978931
STU-03938,Enrolled,Enrolled,0.4358880249373675,0.45109187432506076,0.1130201007375716
STU-03763,Graduate,Graduate,0.07309472031945695,0.1448201554906426,0.7820851241899004
STU-00894,Dropout,Dropout,0.9474846279874761,0.03141593828864109,0.02109943372388278
STU-03350,Dropout,Dropout,0.7292635148992732,0.2326629887011218,0.03807349639960477
STU-00368,Enrolled,Graduate,0.17174194220119005,0.40019269237598676,0.4280653654228227
STU-01600,Dropout,Dropout,0.5044540409782522,0.31559865115608715,0.1799473078656607
STU-01379,Dropout,Dropout,0.8131268112117048,0.14528524677609672,0.04158794201219836
STU-02767,Graduate,Graduate,0.14324369138632526,0.17483740232596884,0.6819189062877061
STU-03979,Graduate,Graduate,0.07393413827206247,0.11184671296965291,0.8142191487582843
STU-01503,Graduate,Graduate,0.1223566962422052,0.19004188152341897,0.687601422234376
STU-03765,Graduate,Graduate,0.09714030305007049,0.2820639836702043,0.620795713279725
STU-01861,Dropout,Dropout,0.8090688243583886,0.1671638272676488,0.02376734837396272
STU-03339,Dropout,Enrolled,0.42003308361310426,0.4455111124325772,0.1344558039543186
STU-01664,Graduate,Graduate,0.039431119532949345,0.029017231304274062,0.9315516491627763
STU-01006,Graduate,Enrolled,0.1413832994816141,0.46173454545469417,0.3968821550636913
STU-00332,Dropout,Dropout,0.802409983770448,0.1616673633280698,0.03592265290148184
STU-01739,Graduate,Graduate,0.10129221562082291,0.2138358922071,0.6848718921720771
STU-00618,Graduate,Graduate,0.06553622125907436,0.2203428435503333,0.7141209351905925
STU-02849,Dropout,Graduate,0.2610413919888349,0.3048327532385538,0.43412585477261156
STU-00612,Graduate,Graduate,0.10973158971176744,0.2565340412110909,0.6337343690771416
STU-00967,Dropout,Dropout,0.9689869376020432,0.02874237414900742,0.0022706882489491186
STU-03686,Dropout,Graduate,0.10235769602692055,0.24634461599548246,0.651297687977597
STU-03095,Dropout,Dropout,0.666839767821927,0.21896270528493944,0.11419752689313348
STU-01863,Dropout,Dropout,0.8608360175495529,0.1236534532281172,0.015510529222330465
STU-00031,Enrolled,Enrolled,0.2159936867614051,0.5466453064302532,0.2373610068083419
STU-00334,Graduate,Graduate,0.06540208705355603,0.15514920463543652,0.7794487083110071
STU-03502,Dropout,Dropout,0.5907245245787808,0.19377610994571423,0.21549936547550502
STU-03105,Graduate,Graduate,0.06644054520279435,0.11728763595721718,0.8162718188399882
STU-04218,Graduate,Graduate,0.11032858988341386,0.09807840178186157,0.7915930083347248
STU-04416,Dropout,Dropout,0.7940053957492835,0.1664335983452665,0.03956100590544963
STU-02408,Dropout,Dropout,0.9077149982849231,0.06880370919807008,0.0234812925170068
STU-03151,Enrolled,Enrolled,0.3058338310749622,0.5362854542135043,0.15788071471153373
STU-00816,Enrolled,Enrolled,0.1285031932038133,0.6775974302581114,0.19389937653807518
STU-03285,Enrolled,Enrolled,0.4322714153549394,0.4522051030565757,0.11552348158848467
STU-00837,Dropout,Enrolled,0.25212285403055534,0.6423788379727253,0.10549830799671958
STU-04206,Graduate,Graduate,0.05736364826468648,0.11822892396480668,0.8244074277705069
STU-01384,Graduate,Graduate,0.05275759442880875,0.20599567386023912,0.7412467317109521
STU-01411,Dropout,Dropout,0.8643908052136783,0.09997600488675117,0.035633189899570136
STU-03291,Dropout,Dropout,0.6138523696352894,0.31253117297333544,0.07361645739137518
STU-00630,Graduate,Enrolled,0.1097790679351359,0.5815862395059028,0.3086346925589613
STU-00566,Graduate,Graduate,0.11267457155778454,0.20673065657261,0.6805947718696056
STU-02835,Graduate,Graduate,0.1537725829003074,0.2997688074787161,0.5464586096209768
STU-01762,Dropout,Graduate,0.3160566814292149,0.28828329719788076,0.39566002137290435
STU-00866,Graduate,Graduate,0.08233232675124898,0.07826547539362833,0.8394021978551224
STU-03638,Enrolled,Dropout,0.47565614188037225,0.3170019118294873,0.20734194629014077
STU-01315,Enrolled,Enrolled,0.17560712987862054,0.478194066366495,0.3461988037548848
STU-00714,Graduate,Graduate,0.06698606088965302,0.20204347916024293,0.730970459950104
STU-01624,Dropout,Enrolled,0.3680938113663739,0.38711568002095215,0.24479050861267407
STU-02165,Graduate,Graduate,0.09106488244196857,0.09008725568535461,0.8188478618726768
STU-02440,Dropout,Dropout,0.8179815246003802,0.0849831827501112,0.09703529264950855
STU-02298,Graduate,Enrolled,0.12585294941145292,0.4662559367413462,0.40789111384720045
STU-02856,Dropout,Enrolled,0.0548522731462353,0.48472745502520004,0.4604202718285646
STU-02485,Graduate,Graduate,0.13773174242470773,0.21179053194430708,0.6504777256309852
STU-03508,Graduate,Graduate,0.12696792658670653,0.2787460037142093,0.594286069699084
STU-00652,Enrolled,Graduate,0.2994843706258844,0.3419638571837837,0.35855177219033213
STU-00422,Graduate,Graduate,0.1897868384911114,0.2999689912324891,0.5102441702763998
STU-03994,Graduate,Dropout,0.4825362340992233,0.1999513117283383,0.31751245417243834
STU-01670,Graduate,Graduate,0.27052326265115206,0.2496805645077868,0.4797961728410614
STU-00371,Graduate,Graduate,0.1549049580593062,0.3087122380205664,0.5363828039201277
STU-00123,Dropout,Dropout,0.5442833262405541,0.25918855397056867,0.19652811978887708
STU-01975,Graduate,Graduate,0.10201391633337396,0.1151225234211475,0.7828635602454782
STU-00735,Dropout,Dropout,0.882900689509833,0.09141382273752369,0.025685487752643447
STU-04130,Graduate,Graduate,0.0455514824237717,0.16306827238242977,0.7913802451937985
STU-03463,Dropout,Dropout,0.5527018034805008,0.27564195200146857,0.1716562445180312
STU-02199,Dropout,Enrolled,0.3802056573530999,0.5362788135473177,0.08351552909958232
STU-01010,Graduate,Graduate,0.10219144604628803,0.1506700229338163,0.7471385310198954
STU-04287,Graduate,Enrolled,0.17128021515763664,0.49670915002359145,0.332010634818772
STU-01207,Graduate,Graduate,0.2896834765127194,0.23651469585395005,0.4738018276333306
STU-03919,Enrolled,Enrolled,0.18486979068785803,0.5381825657403801,0.27694764357176216
STU-00075,Graduate,Enrolled,0.2340126894056777,0.3863370469779617,0.37965026361636073
STU-00592,Enrolled,Enrolled,0.16217538199760398,0.6901736899373864,0.14765092806500987
STU-03288,Dropout,Dropout,0.7539044165772365,0.17713668482679262,0.06895889859597112
STU-03722,Dropout,Dropout,0.954907383722389,0.03126320508729774,0.013829411190313447
STU-03897,Enrolled,Dropout,0.6820195564212441,0.25835254237779137,0.05962790120096421
STU-02860,Enrolled,Dropout,0.48372486275168636,0.13697445598944497,0.3793006812588688
STU-03832,Enrolled,Graduate,0.17916221915497832,0.36494379780451863,0.45589398304050294
STU-01524,Dropout,Graduate,0.18917674748685565,0.3789062164755258,0.43191703603761866
STU-03453,Graduate,Graduate,0.12772488661182974,0.2915735486103852,0.580701564777785
STU-02727,Graduate,Graduate,0.12664531389923958,0.3358343482357876,0.537520337864973
STU-03920,Graduate,Graduate,0.06339946913304449,0.13641308847433314,0.8001874423926225
STU-01069,Graduate,Graduate,0.06430370583956894,0.2622299828357476,0.6734663113246832
STU-03472,Graduate,Dropout,0.4831444842073913,0.17882550337920347,0.33803001241340513
STU-01732,Dropout,Dropout,0.6791644992871746,0.20886497269512683,0.1119705280176986
STU-00943,Enrolled,Dropout,0.8321428480460755,0.12628166609574776,0.04157548585817629
STU-00168,Graduate,Enrolled,0.21123901053558022,0.4801745581310434,0.3085864313333762
STU-03798,Dropout,Dropout,0.7892842872922065,0.18055608109102375,0.030159631616769617
STU-01830,Enrolled,Graduate,0.09580134862624402,0.3772018476677737,0.5269968037059821
STU-03309,Graduate,Graduate,0.03531661473190611,0.055935404162938906,0.9087479811051552
STU-02862,Graduate,Graduate,0.07185865135289926,0.3270722828797058,0.6010690657673949
STU-02135,Graduate,Graduate,0.06986108615042952,0.22223258352276565,0.707906330326805
STU-04326,Graduate,Graduate,0.2358152219485722,0.27106025026157643,0.4931245277898513
STU-01815,Dropout,Dropout,0.7402159720371869,0.22442379888655584,0.03536022907625696
STU-03646,Graduate,Graduate,0.07458867381705268,0.11400945482728081,0.8114018713556663
STU-02418,Graduate,Dropout,0.4802427844038693,0.15312745497319655,0.3666297606229341
STU-02838,Enrolled,Enrolled,0.21033635768831804,0.45308993411351683,0.3365737081981653
STU-00678,Enrolled,Enrolled,0.2572452085818779,0.4932767380894956,0.24947805332862633
STU-03679,Graduate,Graduate,0.09127488903147594,0.13615587807643725,0.7725692328920868
STU-01272,Graduate,Enrolled,0.10380186940156705,0.4924504233584617,0.40374770723997133
STU-03315,Dropout,Dropout,0.9525362923417434,0.041117335776170355,0.006346371882086167
STU-04062,Graduate,Enrolled,0.16502011301874056,0.5167386808510034,0.3182412061302564
STU-00217,Graduate,Graduate,0.09295941548934211,0.16657344033792476,0.740467144172733
STU-00800,Enrolled,Enrolled,0.22482884898086414,0.46057933500456116,0.3145918160145745
STU-02953,Enrolled,Enrolled,0.2804209467616552,0.4321928977347701,0.2873861555035748
STU-00493,Graduate,Graduate,0.07022015670296884,0.24399586744759197,0.6857839758494391
STU-01209,Dropout,Dropout,0.9109420432982569,0.04222387282143763,0.046834083880305445
STU-00537,Dropout,Dropout,0.7572030282340299,0.2077645912055319,0.03503238056043784
STU-00697,Graduate,Graduate,0.16431193450273152,0.1385419679292471,0.6971460975680212
STU-03606,Graduate,Enrolled,0.25451141276461414,0.44444302575199196,0.30104556148339434
STU-04051,Dropout,Dropout,0.8988163609161958,0.05544229735343476,0.04574134173036933
STU-01419,Graduate,Graduate,0.2329886608593452,0.21994649856736645,0.5470648405732883
STU-00151,Enrolled,Dropout,0.47259313847987366,0.24362504507232963,0.28378181644779665
STU-03100,Dropout,Dropout,0.7215968219441968,0.2192760333333922,0.05912714472241063
STU-03286,Graduate,Graduate,0.1462082297684549,0.25090239495449695,0.6028893752770484
STU-00552,Dropout,Dropout,0.764177915012117,0.14839165031319296,0.08743043467468993
STU-01948,Graduate,Enrolled,0.15100954660741225,0.6483471280307758,0.20064332536181206
STU-03304,Graduate,Graduate,0.07798619614343862,0.093043613220846,0.8289701906357153
STU-02443,Dropout,Dropout,0.8421481727035881,0.10167263225536802,0.056179195041043815
STU-03927,Graduate,Graduate,0.06571704099645831,0.07886605369288519,0.8554169053106566
STU-02003,Graduate,Graduate,0.1409179489938548,0.3832867175297984,0.47579533347634717
STU-03918,Graduate,Graduate,0.07120632490353046,0.21560310090642198,0.7131905741900474
STU-02272,Graduate,Graduate,0.1253235880893152,0.2875008501056552,0.5871755618050294
STU-01303,Graduate,Dropout,0.5223223728952933,0.34635481796313905,0.1313228091415675
STU-04082,Enrolled,Enrolled,0.2931799651966877,0.6072835085183094,0.09953652628500329
STU-00464,Graduate,Enrolled,0.3328883251788737,0.34320438591559216,0.32390728890553455
STU-02761,Dropout,Graduate,0.18249438684424696,0.36710437069318697,0.45040124246256613
STU-01786,Enrolled,Enrolled,0.2726561755835777,0.6047332953832305,0.1226105290331919
STU-02782,Dropout,Dropout,0.8749479922763774,0.10252735157973104,0.022524656143891784
STU-00177,Graduate,Enrolled,0.27443292038119704,0.4810596638048442,0.2445074158139589
STU-01108,Graduate,Graduate,0.17133203460515553,0.10687998068486715,0.7217879847099771
STU-00634,Graduate,Graduate,0.1558180174391765,0.390257890571198,0.4539240919896256
STU-03892,Enrolled,Graduate,0.07302954813517276,0.1017405004389692,0.825229951425858
STU-00739,Enrolled,Enrolled,0.16118749015796802,0.5753589920265305,0.2634535178155014
STU-03313,Enrolled,Enrolled,0.2950697395104647,0.47461286402117975,0.23031739646835586
STU-01818,Graduate,Graduate,0.10528920695058418,0.24334491599863342,0.6513658770507827
STU-01345,Dropout,Dropout,0.5333677511592256,0.17832249602882325,0.2883097528119508
STU-01039,Graduate,Graduate,0.2015327647614002,0.28705442268531733,0.5114128125532824
STU-00863,Dropout,Dropout,0.38298929604126847,0.3317454212073255,0.2852652827514063
STU-00032,Graduate,Enrolled,0.22708545018803514,0.44011366510604316,0.3328008847059219
STU-00362,Dropout,Enrolled,0.4196451768098574,0.4699206211682714,0.11043420202187103
STU-01409,Dropout,Dropout,0.6560359522719817,0.28306808127206257,0.060895966455955866
STU-03812,Dropout,Dropout,0.758394235691588,0.19939725640124698,0.04220850790716474
STU-03715,Dropout,Dropout,0.9375263612810348,0.06130583826544992,0.0011678004535147393
STU-02247,Enrolled,Graduate,0.09459942596771616,0.3216716988947559,0.5837288751375278
STU-02029,Graduate,Graduate,0.03222633891014822,0.088192024113679,0.8795816369761729
STU-00970,Enrolled,Enrolled,0.39229637549807367,0.560388293131065,0.04731533137086149
STU-03242,Graduate,Graduate,0.22555064423625226,0.2722255834478179,0.5022237723159297
STU-00903,Graduate,Graduate,0.14567842180765112,0.23627758760687445,0.6180439905854748
STU-00731,Dropout,Dropout,0.6322198658563694,0.2506033175366155,0.11717681660701505
STU-00417,Graduate,Graduate,0.06478810033741389,0.27716764786623577,0.6580442517963501
STU-01801,Dropout,Enrolled,0.19774427860338953,0.5335235668309234,0.2687321545656872
STU-03524,Enrolled,Enrolled,0.34099247036126207,0.5728002786647923,0.08620725097394538
STU-04374,Enrolled,Graduate,0.0997677044189044,0.43306745256591844,0.46716484301517686
STU-03210,Graduate,Enrolled,0.2877817421576325,0.40814868279215805,0.3040695750502093
STU-02190,Dropout,Graduate,0.3365841283503203,0.23322133384375576,0.4301945378059242
STU-02524,Dropout,Dropout,0.9211715961226161,0.06648553709138784,0.01234286678599615
STU-01512,Enrolled,Enrolled,0.38592815807969477,0.45379694000317783,0.16027490191712787
STU-03907,Graduate,Graduate,0.03204986251296189,0.17585831185072445,0.7920918256363135
STU-00460,Graduate,Graduate,0.04450795486960805,0.07373231370122343,0.8817597314291683
STU-00638,Enrolled,Enrolled,0.24009406818500442,0.6407361928959554,0.1191697389190403
STU-02792,Graduate,Graduate,0.05607376980465758,0.10347792575549883,0.8404483044398434
STU-02969,Graduate,Graduate,0.2344540642105114,0.3053607442403703,0.4601851915491183
STU-00451,Graduate,Graduate,0.028872515859445034,0.08108665059998701,0.8900408335405681
STU-02260,Graduate,Graduate,0.10893570749669391,0.17012135822491628,0.7209429342783895
STU-01002,Dropout,Dropout,0.9031532963502301,0.06393215904404917,0.03291454460572107
STU-02204,Dropout,Dropout,0.662971553775004,0.14705902914301155,0.18996941708198428
STU-03599,Graduate,Graduate,0.15328432325773078,0.17454786299459957,0.6721678137476695
STU-00761,Graduate,Graduate,0.1964295061622566,0.17455869408274607,0.6290117997549971
STU-03173,Dropout,Dropout,0.4211810240446085,0.3494241727518691,0.22939480320352232
STU-04023,Graduate,Graduate,0.10071277112495108,0.2379540269285785,0.6613332019464705
STU-01071,Graduate,Graduate,0.017867019234451224,0.045944585399484275,0.9361883953660644
STU-02369,Enrolled,Enrolled,0.3706380114300391,0.37107828688711186,0.258283701682849
STU-02997,Graduate,Graduate,0.19620299675862,0.22755315219764632,0.5762438510437334
STU-03018,Graduate,Graduate,0.06933313051321585,0.07199454856105014,0.8586723209257336
STU-00940,Dropout,Dropout,0.7271490422534328,0.15400093540561316,0.1188500223409542
STU-03737,Enrolled,Enrolled,0.20590167531489767,0.42163796470427284,0.3724603599808296
STU-04236,Enrolled,Enrolled,0.3368821450708772,0.4652615276175895,0.19785632731153324
STU-01978,Graduate,Graduate,0.10664324668674358,0.2814732784729424,0.611883474840314
STU-02191,Enrolled,Graduate,0.32775634936100073,0.3254275116717568,0.34681613896724256
STU-00200,Enrolled,Dropout,0.48856092020813047,0.34371582118708266,0.16772325860478715
STU-01847,Dropout,Enrolled,0.21905800525979682,0.44874581802169833,0.3321961767185051
STU-02844,Dropout,Dropout,0.9185988678367416,0.06649770412537655,0.014903428037881819
STU-00853,Graduate,Graduate,0.023692117847076227,0.05930807789471226,0.9169998042582113
STU-03554,Dropout,Enrolled,0.2807359532560474,0.36242676194734147,0.356837284796611
STU-04359,Dropout,Dropout,0.5559642077479995,0.40457151560051335,0.03946427665148687
STU-02640,Graduate,Graduate,0.23663779977830066,0.18443906337868265,0.5789231368430169
STU-04182,Dropout,Dropout,0.9292194076563514,0.06763885060190683,0.0031417417417417414
STU-02406,Graduate,Dropout,0.4417380591100137,0.158668366765872,0.39959357412411434
STU-02323,Dropout,Dropout,0.6600934446133601,0.23037746917765312,0.10952908620898673
STU-00571,Graduate,Graduate,0.06774755077794785,0.35500195924861283,0.5772504899734394
STU-03628,Enrolled,Graduate,0.20577133751856194,0.255343175887733,0.5388854865937052
STU-00055,Dropout,Enrolled,0.14239791256343912,0.5797420221409687,0.2778600652955919
STU-01251,Graduate,Graduate,0.0719248158720394,0.1125450569249301,0.8155301272030306
STU-00792,Dropout,Dropout,0.9423063292695386,0.04834097745195198,0.009352693278509117
STU-03448,Graduate,Graduate,0.3662526568163225,0.1044093927426237,0.5293379504410538
STU-00384,Graduate,Graduate,0.06557869438603235,0.08830811828764197,0.8461131873263255
STU-00870,Graduate,Dropout,0.455192080954495,0.21515648497345727,0.32965143407204783
STU-02292,Graduate,Enrolled,0.14368609157420256,0.498286091216201,0.3580278172095966
STU-01200,Graduate,Graduate,0.09560473729169171,0.1431807907118589,0.7612144719964495
STU-04323,Dropout,Dropout,0.7117477123446966,0.15676197315367632,0.13149031450162696
STU-02880,Dropout,Enrolled,0.38171363537249803,0.3890256448999082,0.2292607197275937
STU-04209,Dropout,Dropout,0.6750814623943246,0.14134188625891475,0.18357665134676093
STU-03488,Dropout,Dropout,0.8824224281341161,0.09201510538745102,0.025562466478432862
STU-00292,Graduate,Graduate,0.12164707255095897,0.14655600041447875,0.7317969270345624
STU-00922,Graduate,Graduate,0.05289180071530433,0.26960723207248577,0.6775009672122096
STU-00022,Enrolled,Graduate,0.11493341863162405,0.3470718345290155,0.5379947468393607
STU-00157,Graduate,Graduate,0.05099565131044439,0.23708912884079594,0.7119152198487596
STU-02330,Dropout,Dropout,0.8369655604147184,0.12449836504353722,0.03853607454174405
STU-01042,Graduate,Graduate,0.07590365826996978,0.25942036305066535,0.6646759786793645
STU-04239,Dropout,Dropout,0.7532831067243083,0.18903170870528485,0.05768518457040693
STU-01607,Graduate,Graduate,0.16115069257332842,0.3588998388380128,0.4799494685886589
STU-03213,Graduate,Graduate,0.10322358189130645,0.2964485504689928,0.6003278676397006
STU-00808,Enrolled,Dropout,0.4585595831639774,0.4277059430849724,0.11373447375105035
STU-02187,Enrolled,Graduate,0.15408410055429245,0.30402052986488426,0.5418953695808234
STU-03227,Graduate,Graduate,0.16904264965096782,0.38285142049445425,0.44810592985457814
STU-03362,Graduate,Graduate,0.07101204361678892,0.025351938503590687,0.9036360178796202
STU-00355,Dropout,Dropout,0.8096259477024156,0.15794263096843286,0.03243142132915174
STU-03883,Dropout,Dropout,0.789164361171154,0.14984383780881252,0.060991801020033584
STU-03352,Dropout,Dropout,0.6541638297344269,0.2563646119239929,0.08947155834158026
STU-01426,Graduate,Graduate,0.3445215891724838,0.13457645037892899,0.5209019604485874
STU-01955,Enrolled,Enrolled,0.1430550322760735,0.4936565677622043,0.3632883999617225
STU-04170,Dropout,Dropout,0.7132915569264593,0.226291741339578,0.06041670173396255
STU-02805,Graduate,Graduate,0.02900228515719592,0.15804369665064003,0.8129540181921634
STU-01893,Dropout,Dropout,0.5693772426607295,0.3173419466121314,0.11328081072713944
STU-04016,Dropout,Enrolled,0.283952006222337,0.5402377087527913,0.17581028502487164
STU-01018,Graduate,Graduate,0.07104005061547575,0.14672064923769448,0.78223930014683
STU-00301,Graduate,Graduate,0.10754158253485208,0.2503568767878112,0.6421015406773366
STU-03003,Dropout,Graduate,0.15816227463621235,0.1753476421272338,0.6664900832365537
STU-04063,Graduate,Graduate,0.11406784726803841,0.10016177264046582,0.7857703800914958
STU-00209,Graduate,Graduate,0.11429533239226283,0.3013594896947732,0.5843451779129643
STU-03145,Graduate,Graduate,0.04504139198325671,0.04584460985409087,0.9091139981626525
STU-03137,Graduate,Enrolled,0.15223004750840066,0.56945986230376,0.2783100901878392
STU-04312,Enrolled,Enrolled,0.4313488322746529,0.5329553800756939,0.03569578764965315
STU-01902,Graduate,Graduate,0.22881998437333465,0.30541473460303886,0.46576528102362624
STU-00619,Graduate,Graduate,0.0801480321564131,0.21711229314755492,0.7027396746960318
STU-01707,Dropout,Dropout,0.44091867463406703,0.24034492189865206,0.318736403467281
STU-02616,Dropout,Dropout,0.4520520347268108,0.4222087970153981,0.12573916825779088
STU-02266,Enrolled,Enrolled,0.3579839094304127,0.5255247158919929,0.11649137467759467
STU-01857,Graduate,Dropout,0.38626585832102195,0.2478959364652759,0.3658382052137024
STU-03621,Dropout,Enrolled,0.15585056417130805,0.5922611618805722,0.2518882739481199
STU-03724,Dropout,Enrolled,0.3375596483076373,0.5934490599998937,0.0689912916924697
STU-00783,Graduate,Graduate,0.02972881750129496,0.053943611817793634,0.9163275706809113
STU-00486,Graduate,Graduate,0.16970241606508085,0.20126566753758693,0.6290319163973322
STU-02842,Graduate,Graduate,0.1911682526963088,0.23009997768463503,0.5787317696190561
STU-01969,Enrolled,Dropout,0.5365107496249556,0.3496137823628622,0.11387546801218223
STU-01167,Dropout,Enrolled,0.16603414653240775,0.4696942863091171,0.3642715671584752
STU-03578,Dropout,Dropout,0.5566344105228447,0.36857209586703243,0.07479349361012304
STU-01940,Graduate,Graduate,0.15207481902393286,0.40807225790890245,0.4398529230671649
STU-03844,Dropout,Dropout,0.4783734809511298,0.47385423469403193,0.04777228435483842
STU-02254,Dropout,Dropout,0.9431808772744728,0.0495843257764445,0.007234796949082664
STU-04403,Enrolled,Graduate,0.18531379986196767,0.24852240263167286,0.5661637975063593
STU-04185,Graduate,Graduate,0.1810608068316082,0.3333012615998932,0.4856379315684988
STU-03800,Dropout,Dropout,0.887827465722454,0.1001711337173217,0.012001400560224088
STU-00771,Graduate,Graduate,0.06043811824585115,0.0505015352384466,0.8890603465157023
STU-00331,Enrolled,Enrolled,0.1453697153887537,0.5802457373334506,0.27438454727779593
STU-01257,Graduate,Graduate,0.048717117487284585,0.10018794486239233,0.851094937650323
STU-01076,Graduate,Graduate,0.10027069670548333,0.11312909212590803,0.786600211168609
STU-00086,Graduate,Graduate,0.024072463463384774,0.08917654490712411,0.8867509916294914
STU-02776,Graduate,Graduate,0.04826793390518443,0.05438417976646537,0.8973478863283505
STU-01982,Graduate,Graduate,0.0734983214321728,0.19568972611530325,0.7308119524525238
STU-00478,Dropout,Dropout,0.9525985755029003,0.0175549262469241,0.02984649825017551
STU-02815,Graduate,Dropout,0.40696460490956327,0.29292301579210084,0.30011237929833606
STU-03179,Graduate,Graduate,0.06525686786148639,0.13547408647780018,0.7992690456607138
STU-02807,Graduate,Graduate,0.12596818268183832,0.23699956412798728,0.6370322531901744
STU-01443,Graduate,Graduate,0.08355402216315246,0.07517459132269173,0.8412713865141557
STU-02083,Graduate,Graduate,0.0580215398637054,0.16945403999527534,0.7725244201410196
STU-02551,Graduate,Graduate,0.1709335530542946,0.2925341341860939,0.5365323127596112
STU-03591,Enrolled,Dropout,0.6885757197455021,0.2503459813381067,0.06107829891639135
STU-02122,Graduate,Enrolled,0.2697234144775299,0.49428380634531144,0.23599277917715844
STU-03645,Graduate,Graduate,0.11699888422549723,0.1130620266774244,0.7699390890970786
STU-01267,Graduate,Graduate,0.14051734010091557,0.32968010045810925,0.5298025594409748
STU-01837,Graduate,Graduate,0.19039087294811205,0.4031776892804963,0.40643143777139157
STU-03223,Graduate,Graduate,0.03653258101798649,0.08359559530503766,0.8798718236769758
STU-01469,Graduate,Graduate,0.07087145530081503,0.09154145376506818,0.8375870909341169
STU-00778,Dropout,Graduate,0.1621386822371756,0.30967343022871263,0.5281878875341117
STU-03931,Graduate,Graduate,0.08175900759873182,0.03840317144969237,0.8798378209515755
STU-02197,Enrolled,Enrolled,0.2063821624186742,0.7056986953581864,0.08791914222313976
STU-03867,Dropout,Dropout,0.8179768198575117,0.16000055324580134,0.022022626896687048
STU-02925,Graduate,Graduate,0.06927359333937207,0.2226081373531431,0.7081182693074851
STU-03668,Dropout,Dropout,0.9267993177354984,0.057932596688440266,0.015268085576061494
STU-00951,Graduate,Graduate,0.21366225705403438,0.28895852247833426,0.49737922046763117
STU-03135,Enrolled,Enrolled,0.12744941727266698,0.464668739553532,0.407881843173801
STU-03588,Graduate,Graduate,0.16208964353032398,0.27565679509878965,0.5622535613708864
STU-04174,Graduate,Graduate,0.039853560795483654,0.1624698681257116,0.7976765710788046
STU-01829,Dropout,Dropout,0.9369290098790098,0.04819274138559852,0.014878248735391593
STU-00632,Enrolled,Enrolled,0.16318665570316399,0.6537186807331492,0.18309466356368695
STU-02070,Dropout,Dropout,0.6973408994958896,0.2572323795193148,0.04542672098479563
STU-01519,Enrolled,Graduate,0.37257287605078376,0.1296205500741309,0.4978065738750856
STU-00797,Graduate,Graduate,0.11166251763323481,0.1683895121543917,0.7199479702123737
STU-01337,Enrolled,Graduate,0.08887506640574663,0.26741771330378344,0.6437072202904697
STU-00145,Graduate,Graduate,0.05265151273684487,0.10961733809222153,0.8377311491709336
STU-02905,Dropout,Enrolled,0.387384903327962,0.4533539898712202,0.1592611068008183
STU-01120,Graduate,Graduate,0.03810798434292371,0.10983652164171588,0.8520554940153603
STU-02414,Graduate,Dropout,0.5914140597194578,0.1361500085416282,0.27243593173891434
STU-01860,Enrolled,Dropout,0.508675796063033,0.35252446913018687,0.1387997348067805
STU-03277,Dropout,Enrolled,0.2835972282026532,0.36769124757564847,0.3487115242216983
STU-01417,Dropout,Dropout,0.9511484100546301,0.034511051840972785,0.01434053810439738
STU-03098,Dropout,Dropout,0.7797041290694111,0.14183525504488076,0.07846061588570814
STU-00357,Graduate,Graduate,0.16410636078879673,0.3390103424009396,0.4968832968102638
STU-01568,Graduate,Enrolled,0.16627418360996743,0.46516108308333076,0.368564733306702
STU-04372,Graduate,Graduate,0.09754765348831328,0.11717554378248504,0.7852768027292021
STU-00227,Graduate,Graduate,0.2090596141162785,0.2867166936385836,0.5042236922451379
STU-03184,Enrolled,Enrolled,0.3447360922636509,0.5780594181585823,0.07720448957776677
STU-01638,Graduate,Graduate,0.07774053245750977,0.36176174579659576,0.5604977217458944
STU-03099,Enrolled,Graduate,0.08383818356488267,0.39374076338701386,0.5224210530481033
STU-00807,Graduate,Graduate,0.09728338310381231,0.12881284866613693,0.7739037682300505
STU-02387,Enrolled,Enrolled,0.2624003128818653,0.5609440673866641,0.17665561973147043
STU-03403,Graduate,Graduate,0.0756954785872954,0.18657644900807002,0.7377280724046346
STU-02441,Dropout,Dropout,0.8702366219632123,0.10142884687269514,0.028334531164093013
STU-00274,Graduate,Graduate,0.08893707649923589,0.14428302485364283,0.7667798986471214
STU-02737,Graduate,Graduate,0.053188737166897045,0.030117889065780123,0.9166933737673225
STU-01182,Graduate,Enrolled,0.1719185500868044,0.6006015270976109,0.22747992281558432
STU-02036,Enrolled,Enrolled,0.33521766133642256,0.4041845529805993,0.2605977856829783
STU-03815,Graduate,Graduate,0.159501229935968,0.33738357161636073,0.5031151984476713
STU-00447,Graduate,Graduate,0.05374654847201406,0.0551554250731824,0.8910980264548032
STU-04178,Enrolled,Enrolled,0.24017983163173673,0.5415318380322258,0.21828833033603773
STU-03483,Dropout,Dropout,0.7365510595048274,0.2431035033895481,0.020345437105624198
STU-00500,Graduate,Graduate,0.04085973816848168,0.18758972385441974,0.7715505379770988
STU-03476,Graduate,Graduate,0.11051707021752942,0.29035615900185896,0.5991267707806118
STU-00681,Graduate,Graduate,0.16288048768283725,0.21903205650897997,0.6180874558081829
STU-02134,Graduate,Graduate,0.06317073378113346,0.1489516782154523,0.7878775880034141
STU-01014,Dropout,Dropout,0.9059962332207444,0.054562022932025715,0.039441743847230225
STU-01509,Graduate,Graduate,0.14321368400699067,0.1927133853187025,0.664072930674307
STU-00042,Graduate,Graduate,0.12487948529078115,0.15947652807848256,0.7156439866307359
STU-01213,Graduate,Graduate,0.14482995728021855,0.2165846057490862,0.6385854369706951
STU-03581,Graduate,Graduate,0.14765222221516247,0.3532468232087004,0.49910095457613707
STU-03779,Enrolled,Enrolled,0.20507702180821524,0.6889890919561042,0.10593388623568081
STU-00729,Graduate,Dropout,0.3931043840029561,0.2597108398795233,0.347184776117521
STU-01096,Dropout,Dropout,0.8064603960866079,0.13886627765044646,0.05467332626294585
STU-03046,Graduate,Enrolled,0.1908219208415414,0.5894826359851334,0.21969544317332493
STU-04214,Graduate,Dropout,0.4007744343423261,0.29022366068337235,0.3090019049743018
STU-04279,Graduate,Graduate,0.25064420598198095,0.1230326607107777,0.6263231333072415
STU-03175,Enrolled,Graduate,0.10167150375118932,0.1776788985534768,0.720649597695334
STU-01366,Dropout,Dropout,0.9197424120701274,0.07284251280891475,0.007415075120957473
STU-00872,Dropout,Dropout,0.6747986461979322,0.1842018670503469,0.14099948675172086
STU-01642,Graduate,Graduate,0.05416659850683194,0.10025464807615689,0.8455787534170115
STU-00038,Dropout,Dropout,0.4926834584679101,0.4359947367031574,0.07132180482893243
STU-04013,Dropout,Dropout,0.9190925804141432,0.06610393655027359,0.014803483035583065
STU-00424,Graduate,Graduate,0.07803778957421732,0.1437044590527311,0.7782577513730512
STU-00821,Graduate,Graduate,0.11027051588735926,0.39311104585111895,0.49661843826152174
STU-02147,Graduate,Graduate,0.03649044946063836,0.1360771451854047,0.8274324053539566
STU-04270,Enrolled,Enrolled,0.34322142534910116,0.453269569422571,0.20350900522832777
STU-03996,Dropout,Dropout,0.7758777234598881,0.16188350082559078,0.06223877571452106
STU-01003,Graduate,Dropout,0.35961592476957943,0.31086332798453686,0.32952074724588365
STU-00257,Graduate,Enrolled,0.1866160384377857,0.4069391264198444,0.4064448351423699
STU-02753,Dropout,Dropout,0.889912084906898,0.0806297560025467,0.02945815909055529
STU-03972,Graduate,Graduate,0.10096463239509632,0.30786427712826586,0.5911710904766374
STU-01920,Enrolled,Enrolled,0.24553006864635762,0.45594560458108774,0.29852432677255475
STU-01360,Dropout,Dropout,0.9408678747719552,0.04993707353941078,0.00919505168863399
STU-04038,Enrolled,Enrolled,0.24067508352383699,0.42877274309941316,0.33055217337674997
STU-02118,Dropout,Graduate,0.035334215144997724,0.11015113773140761,0.8545146471235946
STU-03896,Graduate,Graduate,0.04733663555729861,0.16005978579854366,0.7926035786441579
STU-01088,Graduate,Graduate,0.228882582814994,0.2325021892240889,0.5386152279609172
STU-03700,Dropout,Dropout,0.6680449375020105,0.27852521788206236,0.05342984461592738
STU-00352,Graduate,Graduate,0.060433358200610465,0.12623504195554436,0.8133315998438453
STU-02505,Dropout,Dropout,0.9123046554324412,0.0498666305004103,0.03782871406714822
STU-03004,Dropout,Graduate,0.07173459583290939,0.10600474336302172,0.8222606608040689
STU-02658,Enrolled,Graduate,0.16514135866878185,0.2414755524610949,0.5933830888701228
STU-00309,Graduate,Graduate,0.07748280744725922,0.11001383335464789,0.8125033591980932
STU-00700,Dropout,Enrolled,0.43948589117570896,0.45931516436182074,0.10119894446247019
STU-01583,Dropout,Dropout,0.5838868069039337,0.3613704783692139,0.05474271472685236
STU-01775,Enrolled,Enrolled,0.381801275075825,0.5038921068327213,0.11430661809145344
STU-02473,Dropout,Enrolled,0.29513927302384096,0.6074289483295872,0.09743177864657221
STU-04318,Graduate,Graduate,0.08134634783757194,0.1875659010235821,0.731087751138846
STU-01402,Graduate,Graduate,0.1306204009597253,0.23168452065605546,0.6376950783842193
STU-02726,Enrolled,Enrolled,0.37672185270273817,0.5507415426170512,0.07253660468021073
STU-01649,Dropout,Graduate,0.05216909680986108,0.33819717859585635,0.6096337245942823
STU-03909,Graduate,Graduate,0.12373540137900435,0.14714024882369728,0.729124349797299
STU-03593,Dropout,Graduate,0.25975841711548975,0.27553647224707645,0.4647051106374335
STU-02608,Dropout,Graduate,0.09863387641795825,0.282912097326383,0.6184540262556585
STU-02871,Graduate,Graduate,0.28332519811911505,0.24661150379365226,0.4700632980872326
STU-01098,Graduate,Enrolled,0.18763594341228862,0.5470328540222721,0.26533120256543974
STU-00973,Dropout,Dropout,0.9461051551992233,0.040182640993078764,0.013712203807697575
STU-00653,Graduate,Graduate,0.1508885171550871,0.41116315361475303,0.43794832923015975
STU-04195,Dropout,Dropout,0.8501507821883548,0.1339779799555189,0.015871237856126295
STU-01429,Enrolled,Enrolled,0.25091715611279636,0.4373354192825865,0.3117474246046171
STU-02771,Graduate,Graduate,0.03128812400075983,0.08759926080773381,0.881112615191506
STU-03212,Enrolled,Enrolled,0.26855225232091356,0.3847531711471915,0.34669457653189534
STU-03131,Graduate,Graduate,0.12188149075248189,0.3464493125829048,0.5316691966646138
STU-04385,Dropout,Dropout,0.7603854070079233,0.15703709563476057,0.08257749735731636
STU-03381,Dropout,Enrolled,0.37637567632797553,0.5484607691546783,0.07516355451734624
STU-04000,Dropout,Graduate,0.09324685289091389,0.3067386286500602,0.6000145184590259
STU-02654,Dropout,Dropout,0.8840321277314918,0.08872742800613918,0.027240444262368914
STU-00003,Dropout,Dropout,0.9650724284462848,0.02410821652019625,0.010819355033519076
STU-00926,Graduate,Graduate,0.05517282868028272,0.16427426015660337,0.7805529111631139
STU-02555,Enrolled,Enrolled,0.25031109409028307,0.6775940638735565,0.07209484203616048
STU-02107,Enrolled,Enrolled,0.2655681305391539,0.46160761827899366,0.27282425118185244
STU-00093,Dropout,Dropout,0.7412584747274806,0.21064367300631265,0.04809785226620697
STU-02852,Graduate,Graduate,0.17930572421156013,0.12739556555223044,0.6932987102362095
STU-00512,Dropout,Dropout,0.9715649311865586,0.015043603136261253,0.013391465677179961
STU-01455,Enrolled,Enrolled,0.1458845350875414,0.7173850346595328,0.13673043025292558
STU-00760,Graduate,Enrolled,0.22713341336598206,0.4608019129742298,0.31206467365978846
STU-03741,Dropout,Enrolled,0.1957790808457133,0.5373019239364881,0.26691899521779905
STU-01844,Enrolled,Graduate,0.31914504156385803,0.3166854692330235,0.3641694892031184
STU-00599,Graduate,Graduate,0.10919223013413433,0.3043958615446114,0.5864119083212543
STU-00078,Graduate,Graduate,0.15916796613394038,0.15878659196336534,0.6820454419026943
STU-02910,Dropout,Dropout,0.6947161589819383,0.2666262492497413,0.03865759176832053
STU-02160,Dropout,Enrolled,0.3575420898208188,0.5028312525420613,0.13962665763712015
STU-03221,Dropout,Dropout,0.755375077126096,0.2024693340231913,0.042155588850712265
STU-02454,Enrolled,Graduate,0.14373405616119583,0.20138812167578302,0.654877822163021
STU-04045,Graduate,Graduate,0.08469697872608857,0.12920554979690518,0.7860974714770058
STU-03129,Graduate,Graduate,0.2706464593379972,0.23226655641445093,0.4970869842475518
STU-02840,Graduate,Graduate,0.08211756291347988,0.06790980295551535,0.8499726341310045
STU-04247,Dropout,Dropout,0.6253571340266211,0.18827833720053802,0.186364528772841
STU-03849,Dropout,Dropout,0.7886454173725044,0.13043813743943375,0.08091644518806171
STU-00622,Dropout,Enrolled,0.28781555695683814,0.6586850172610434,0.0534994257821181
STU-03364,Dropout,Dropout,0.9067830509644462,0.08184964019378901,0.011367308841764585
STU-00430,Graduate,Enrolled,0.17243228283253265,0.5231023264686583,0.3044653906988089
STU-00414,Graduate,Graduate,0.155752480127221,0.276550323274319,0.5676971965984597
STU-03648,Dropout,Dropout,0.9469654913403522,0.03197804331867529,0.021056465340972382
STU-04019,Graduate,Graduate,0.06912754940801653,0.06237400594065649,0.8684984446513268
STU-03622,Graduate,Graduate,0.04475599342528795,0.04127201362501942,0.9139719929496927
STU-01676,Dropout,Dropout,0.7859899149491033,0.16293546861330463,0.051074616437592084
STU-02677,Dropout,Dropout,0.6496548739286301,0.2563570193135153,0.09398810675785463
STU-02711,Graduate,Graduate,0.09301643973606515,0.20001998711474211,0.7069635731491927
STU-03642,Dropout,Dropout,0.9675430936430018,0.019617658604498236,0.012839247752500086
STU-00187,Enrolled,Dropout,0.7080094207521482,0.21552218837401568,0.0764683908738362
STU-01657,Graduate,Graduate,0.05526092503769625,0.20191596208966217,0.7428231128726418
STU-03060,Graduate,Graduate,0.02653766001287652,0.22818571122819284,0.7452766287589306
STU-04150,Graduate,Graduate,0.1545893188284972,0.17557653321446345,0.669834147957039
STU-03589,Graduate,Graduate,0.23471286647119374,0.23122801699802303,0.534059116530783
STU-01401,Enrolled,Graduate,0.29188143482858914,0.25909374516353195,0.44902482000787897
STU-03590,Dropout,Dropout,0.8946232634827262,0.07895723224041995,0.026419504276853766
STU-03101,Graduate,Graduate,0.05156796889059632,0.1957787184553211,0.7526533126540829
STU-04129,Graduate,Graduate,0.14420432539075625,0.22029970430184007,0.6354959703074035
STU-03973,Graduate,Enrolled,0.15713228360489523,0.5181995684593866,0.32466814793571824
STU-02778,Enrolled,Graduate,0.17737499862645362,0.41092734923436475,0.411697652139182
STU-03677,Graduate,Dropout,0.6401464063054341,0.21632354626966876,0.1435300474248972
STU-04387,Dropout,Enrolled,0.2649699935959985,0.46694571807526886,0.26808428832873255
STU-00556,Dropout,Graduate,0.2956864187311357,0.34321126841944877,0.3611023128494155
STU-02419,Graduate,Graduate,0.27491786301734367,0.3009050940093865,0.42417704297327014
STU-02368,Graduate,Graduate,0.10690250559454893,0.16103197343867776,0.7320655209667735
STU-01802,Graduate,Graduate,0.3281433323490742,0.10573440097432776,0.566122266676598
STU-04393,Enrolled,Enrolled,0.09545344693426547,0.4929367489072694,0.41160980415846526
